date,price,volume
2020-10-28,4.126338744,28972224.51329457
2020-10-29,4.0561216,28463967.737989224
2020-10-30,3.778832712,32562947.545201965
2020-10-31,3.721574118,29250379.125641234
2020-11-01,3.642478558,22879765.586117882
2020-11-02,3.688556447,24853243.95291326
2020-11-03,3.613651953,24961970.220244545
2020-11-04,3.331235696,24373075.43511728
2020-11-05,3.177088837,26756532.977146342
2020-11-06,3.341544344,37002916.09680237
2020-11-07,3.597760047,42051040.49670789
2020-11-08,3.424728957,35902090.75380907
2020-11-09,3.472597946,31006078.7243233
2020-11-10,3.412610351,30777478.200695284
2020-11-11,3.580936676,29124602.574081305
2020-11-12,3.491069824,27425255.070743497
2020-11-13,3.424077826,28046252.82264367
2020-11-14,3.675184146,33067791.78624185
2020-11-15,3.49196607,26592811.396430813
2020-11-16,3.545810606,32595492.146940105
2020-11-17,3.711438536,35441376.536219224
2020-11-18,3.846323773,34800156.110048324
2020-11-19,3.75246152,31554045.84920529
2020-11-20,3.64657405,33779931.720756896
2020-11-21,3.725297338,39650110.34839445
2020-11-22,4.02308084,39180240.16859656
2020-11-23,3.897994309,40340495.92444305
2020-11-24,4.078660454,46270534.273901425
2020-11-25,4.26402798,44058326.56114089
2020-11-26,4.048075518,48128916.952047
2020-11-27,3.538498156,40628800.865138814
2020-11-28,3.589670521,26103557.9475668
2020-11-29,3.633524323,24359105.279417466
2020-11-30,3.705970247,24820107.630474605
2020-12-01,3.704886759,30492150.77718148
2020-12-02,3.561116897,31532315.574166123
2020-12-03,3.738595603,27438375.834168892
2020-12-04,3.820087201,24368216.295180477
2020-12-05,3.534044513,24455453.324515212
2020-12-06,3.640381456,21083780.760272637
2020-12-07,3.602923271,20795308.02927153
2020-12-08,3.381915273,31606214.343932834
2020-12-09,3.114754619,43280190.37203198
2020-12-10,3.261341166,45105689.61959807
2020-12-11,3.146975384,39512638.2626974
2020-12-12,3.235286115,40787188.81673347
2020-12-13,3.336772595,29705531.39131022
2020-12-14,3.341753225,33774745.34013881
2020-12-15,3.143103938,32044754.644383315
2020-12-16,3.302208046,28584666.118708577
2020-12-17,3.344104779,32167628.800248764
2020-12-18,3.214419274,33326851.459009483
2020-12-19,3.410554699,26935140.414811347
2020-12-20,3.467651465,25600502.07421496
2020-12-21,3.310559667,28632441.28472142
2020-12-22,3.096942401,30085300.40067938
2020-12-23,3.081687511,44895406.54150792
2020-12-24,2.941897679,49558582.43236578
2020-12-25,3.105426861,28462940.255710144
2020-12-26,2.95196177,23784731.7944529
2020-12-27,2.921488026,23777551.642023224
2020-12-28,2.904078687,27863723.060952652
2020-12-29,2.958893734,31083677.773394953
2020-12-30,2.923002146,25552418.83865978
2020-12-31,2.920701013,21720013.479257934
2021-01-01,3.222304122,70271702.82831457
2021-01-02,3.665585022,89864682.78320442
2021-01-03,3.48249965,56269792.21145459
2021-01-04,3.484060525,62735330.99849684
2021-01-05,3.604189005,77022739.11586224
2021-01-06,4.270783167,100586062.43187612
2021-01-07,4.628288771,79318447.39457792
2021-01-08,4.472401843,92827586.29011008
2021-01-09,5.717926321,218654656.67638353
2021-01-10,7.205108054,149359076.44745296
2021-01-11,6.571909076,113018077.23127604
2021-01-12,6.475361307,162011282.89650902
2021-01-13,7.749409757,147921303.5313253
2021-01-14,8.467510473,145980471.85885066
2021-01-15,9.290274425,177242530.26263878
2021-01-16,9.367589828,219502008.4953853
2021-01-17,12.798064717,377604424.2161427
2021-01-18,13.167146649,234288947.8884331
2021-01-19,12.691780291,156597115.25642928
2021-01-20,11.755146373,156545195.1581676
2021-01-21,12.384079376,159593392.21192646
2021-01-22,11.298378581,184679204.28024587
2021-01-23,12.739739398,178326222.68617475
2021-01-24,12.899919554,136118834.1059745
2021-01-25,12.480738553,111303168.64436537
2021-01-26,12.180144746,100109679.18201226
2021-01-27,12.18344318,107274207.23927131
2021-01-28,11.171011273,109699474.2132984
2021-01-29,11.954671987,151940897.2884975
2021-01-30,11.619471287,122858005.383607
2021-01-31,12.00475882,201379624.11043963
2021-02-01,13.495846291,273136763.6874393
2021-02-02,13.236312541,120776501.49977659
2021-02-03,13.477852547,120239962.72470774
2021-02-04,14.865164585,183401271.8816886
2021-02-05,15.305826626,186665798.9783918
2021-02-06,17.906116792,223593880.4224111
2021-02-07,17.97261318,354062091.02979213
2021-02-08,24.10191277,758572505.944518
2021-02-09,30.19427694,608910079.7404262
2021-02-10,31.624075932,1214999856.2925158
2021-02-11,54.874241283,1558085013.3024766
2021-02-12,47.214239524,905722170.8471153
2021-02-13,48.535825385,662978130.0781434
2021-02-14,44.140124521,557167585.7199082
2021-02-15,39.230238529,641754506.7449756
2021-02-16,38.117749411,546501724.4681025
2021-02-17,36.629097327,519681470.8465555
2021-02-18,37.124751431,619376864.1884112
2021-02-19,41.083783663,532064902.07059646
2021-02-20,38.900842437,503400676.5734227
2021-02-21,36.338529243,559119495.6959412
2021-02-22,36.197646738,407487370.01540524
2021-02-23,32.411311487,467342150.25421053
2021-02-24,27.677832371,484083053.38132906
2021-02-25,29.840139198,423768712.0549712
2021-02-26,27.13023041,328802171.63928
2021-02-27,25.978360934,271477481.88629353
2021-02-28,25.81232909,257267392.47826973
2021-03-01,23.951130188,298833213.68086535
2021-03-02,27.407762239,475812794.7608697
2021-03-03,27.139298913,545851424.5976171
2021-03-04,27.295362471,398971248.10696214
2021-03-05,25.838168369,329448320.6575813
2021-03-06,24.360087237,254379790.73757416
2021-03-07,24.932274557,322239740.6614899
2021-03-08,26.656723896,347622645.9493891
2021-03-09,25.633648645,691009573.1272296
2021-03-10,34.416164434,1241571333.0614517
2021-03-11,29.697766283,803341464.7751832
2021-03-12,30.704696871,620227133.1075405
2021-03-13,28.044604065,551547834.4874198
2021-03-14,30.92016843,591707782.2793305
2021-03-15,29.034725345,455963061.36925423
2021-03-16,28.937110324,485464698.4843933
2021-03-17,33.07,631403714.7964889
2021-03-18,32.69,559498460.7576363
2021-03-19,33.21,747522987.3506016
2021-03-20,37.537592072,710992576.2079197
2021-03-21,34.25,509173650.38843256
2021-03-22,32.89,434467253.60826606
2021-03-23,29.28,459935384.7978658
2021-03-24,28.54,408663546.05199355
2021-03-25,25.95,444684741.1081443
2021-03-26,25.86,386967857.6671785
2021-03-27,28.24,313363954.0478501
2021-03-28,27.64,333920315.77299714
2021-03-29,28.74,361711959.2974368
2021-03-30,29.64,348153640.84799045
2021-03-31,29.69,336080462.5835841
2021-04-01,28.8,290880353.39481324
2021-04-02,28.385691632,267661532.93675166
2021-04-03,29.139474567,443903678.7443301
2021-04-04,28.15,443655337.3400451
2021-04-05,29.26,465782487.37833613
2021-04-06,31.34,660597744.9152632
2021-04-07,31.59,552712178.3407313
2021-04-08,29.5,390597617.07544285
2021-04-09,30.8,333205975.7152067
2021-04-10,31.53,514432067.0647793
2021-04-11,31.846584692,427963942.7769409
2021-04-12,31.595599689,448337664.8187331
2021-04-13,33.94,686216119.210777
2021-04-14,33.76,845451452.0678995
2021-04-15,38.447685736,1185854227.328625
2021-04-16,37.1,684182525.2850305
2021-04-17,35.569118085,579725401.8675255
2021-04-18,34.01,720589192.9429125
2021-04-19,29.307590701,600806371.1087155
2021-04-20,26.254910744,503577360.8889828
2021-04-21,27.42,432567554.8868796
2021-04-22,25.92,398122264.83405787
2021-04-23,24.022235668,541041779.9424663
2021-04-24,23.524549596,360952353.7972499
2021-04-25,21.85200475,223074826.90411195
2021-04-26,21.615749272,331487720.7455547
2021-04-27,26.452205604,366529753.5575106
2021-04-28,27.840238421,341916873.1735243
2021-04-29,28.335821922,338057319.88800186
2021-04-30,27.94,427991543.49323463
2021-05-01,32.933032777,616959906.4638242
2021-05-02,31.854255059,458552767.4419542
2021-05-03,31.3,478197245.5988138
2021-05-04,35.905337728,834623693.9419336
2021-05-05,30.384699172,504497948.3882281
2021-05-06,35.33,700835130.3199099
2021-05-07,38.1,1014885169.5351037
2021-05-08,38.11,807302845.3656573
2021-05-09,38.392321087,517007319.90067685
2021-05-10,39.035910331,584857396.0916822
2021-05-11,34.754894162,691195523.4516367
2021-05-12,36.890338627,613042101.5166838
2021-05-13,32.732027707,880627453.9630836
2021-05-14,34.984807096,581587045.9523365
2021-05-15,37.029660754,626561082.7757441
2021-05-16,34.5,742023387.683914
2021-05-17,36.65,798636192.9622221
2021-05-18,33.684758974,681897696.2708747
2021-05-19,36.898806165,784261099.0802628
2021-05-20,23.392485847,769891711.5988296
2021-05-21,25.09,454486877.8815331
2021-05-22,21.807661159064214,369779584.66898954
2021-05-23,18.83,305193975.1111111
2021-05-24,15.823671972125648,418806662.15384614
2021-05-25,19.39618412940324,358235557
2021-05-26,19.460569776490487,299920037.4444444
2021-05-27,20.862029234692333,263660412.5
2021-05-28,19.05667929997825,215834260.0696864
2021-05-29,16.74,183798461.2777778
2021-05-30,16.15,156740814.37762237
2021-05-31,16.53,149901099.26132405
2021-06-01,18.15028731037913,159184513.5052265
2021-06-02,17.77,164171697.83333334
2021-06-03,18.69,210994009.2222222
2021-06-04,20.24,208060620
2021-06-05,18.27,173617749.66666666
2021-06-06,17.23,147614445.0962963
2021-06-07,17.39,172333862.3611111
2021-06-08,15.5034832645488,230488341.27719298
2021-06-09,14.83951459727269,207804235.16666666
2021-06-10,15.373521207678952,185469052.09756097
2021-06-11,14.14,143074356.3611111
2021-06-12,13.41,152775266.3888889
2021-06-13,13.53,140957061.08333334
2021-06-14,14.77,174176170.94444445
2021-06-15,15.12,147474325.3611111
2021-06-16,14.71,131280294.24390244
2021-06-17,14.073703645906877,152425332.87804878
2021-06-18,14.82,145233773
2021-06-19,13.61,107194672.57553957
2021-06-20,13.43,78912289.29133858
2021-06-21,13.93,123547100
2021-06-22,11.23,166071116.53146854
2021-06-23,10.53,173016855.1236749
2021-06-24,11.43,100894008.20253165
2021-06-25,11.49,89491171.64750957
2021-06-26,10.4,89496882.53333333
2021-06-27,10.32,63629666.51908397
2021-06-28,10.94,67622011.53138076
2021-06-29,11.32,86287611.14705883
2021-06-30,11.87,100640477.00363636
2021-07-01,11.95,76061908.46511628
2021-07-02,11.23,68218009.73061225
2021-07-03,11.14,61159104.672268905
2021-07-04,11.5,62812337.22605364
2021-07-05,12.36,108675408.11188811
2021-07-06,12.018520904252457,160807684.73867595
2021-07-07,13.376223961478445,157403159.7770035
2021-07-08,13.10866481080074,147082880.4722222
2021-07-09,12.107559600192024,110170756.02777778
2021-07-10,12.553355656853572,90902420.18604651
2021-07-11,12.04,59812111.38333333
2021-07-12,12.4,71240522.35390946
2021-07-13,12.18,78058581.78656127
2021-07-14,11.92,87749884.0625
2021-07-15,11.78,69879585.312
2021-07-16,11.3,67082264.7372549
2021-07-17,10.82,64891465.577689245
2021-07-18,10.93,47624730.5785124
2021-07-19,10.72,45960163.88932806
2021-07-20,10.16,53467049.28838951
2021-07-21,9.62,59310089.78113207
2021-07-22,10.42,69254945.44881889
2021-07-23,10.83,54409416
2021-07-24,11.09,54019779.18367347
2021-07-25,11.16,55673011.09090909
2021-07-26,11.22,104410908.92753623
2021-07-27,11.48,114027702.75177304
2021-07-28,11.91,98816498.45714286
2021-07-29,12.31,112854662.02090593
2021-07-30,12.41,104380008.8888889
2021-07-31,12.99,101427148.35036497
2021-08-01,13.5939035762877,121343132.98954704
2021-08-02,12.877946709749802,121299862.03508772
2021-08-03,13.02,93679687.008
2021-08-04,12.55,83343879.31983806
2021-08-05,13.69,104988334.51094891
2021-08-06,13.838486884277089,122961164.47222222
2021-08-07,14.735902633288717,180824405.65034965
2021-08-08,15.84,166594213.7777778
2021-08-09,14.831264305148473,161292302
2021-08-10,16.205291474304104,220848126.1111111
2021-08-11,16.46284494399829,186646608.94444445
2021-08-12,16.7373,192505875.5
2021-08-13,16.5835,180051039.05555555
2021-08-14,18.04014350429236,175309489.44444445
2021-08-15,18.0764,151635819.3611111
2021-08-16,18.8066,247459797.7979094
2021-08-17,19.1916,727994631.522807
2021-08-18,23.5231,1506223405.7777777
2021-08-19,29.8494,2286984456.4444447
2021-08-20,30.6873,1760401777.3333333
2021-08-21,38.8336,2754158358.7456446
2021-08-22,44.267,2610685287.470383
2021-08-23,43.69098172895653,2532694171.205575
2021-08-24,46.496,2498948433.7403507
2021-08-25,55.5294,3501004182.3776226
2021-08-26,46.1566,2314215869.5298247
2021-08-27,41.3552,2426417110.076655
2021-08-28,50.0979,2127737997.971831
2021-08-29,50.221,1702223437.2491229
2021-08-30,47.4537,1205212619.2280703
2021-08-31,41.4295,1495611520.4475524
2021-09-01,39.5741,1667276893.986014
2021-09-02,42.1814,1441148027.972028
2021-09-03,47.6968,2413470319.8315787
2021-09-04,45.94920238581204,1800628451.902439
2021-09-05,47.17707710266441,1507936991.8885016
2021-09-06,48.1769,1864152297.3049645
2021-09-07,47.0801,2013750418.2222223
2021-09-08,37.6687,1928437472.8888888
2021-09-09,37.0051,1888209159.5555556
2021-09-10,40.8395,2599186866.3017545
2021-09-11,49.1982,4390564010.369338
2021-09-12,57.0019,4855427065.756098
2021-09-13,59.1837,4511818506.703833
2021-09-14,53.2012977604788,3118181693.101045
2021-09-15,51.5814,1838449881.1986063
2021-09-16,57.6629,3398747023.163763
2021-09-17,67.5024,4377841418.666667
2021-09-18,69.8425,4307143066.313589
2021-09-19,68.8636,3261021968
2021-09-20,70.0905,4056978581.8536587
2021-09-21,56.707,4638192192
2021-09-22,58.9693,5227075169.777778
2021-09-23,74.08368484583748,5171393129.254355
2021-09-24,76.4642,4065404846.2596493
2021-09-25,72.4387,3014475846.020906
2021-09-26,68.36054842962054,1986463051.0344827
2021-09-27,66.9339,2186946956.255319
2021-09-28,66.33561907532246,1934047288.7326007
2021-09-29,61.5378,1901313153.3473685
2021-09-30,65.4284,2314689118.2222223
2021-10-01,66.72440013760271,1926974924.4444444
2021-10-02,67.6056109105016,2029730651.5555556
2021-10-03,69.35859422279017,2158277173.7777777
2021-10-04,68.612,1542311001.3333333
2021-10-05,65.3654,1407517108.8888888
2021-10-06,64.74160522226508,1406076359.5555556
2021-10-07,60.06480593187031,1578070006.6341465
2021-10-08,61.49529949598826,1473148272.4444444
2021-10-09,60.5369,956714364.8888888
2021-10-10,60.69627704460305,640880241.1111112
2021-10-11,56.5497,916362089.1590106
2021-10-12,55.25558615296847,1131649863.0857143
2021-10-13,54.3851766951258,1256066457.690141
2021-10-14,55.1586,999849022.1908127
2021-10-15,56.085420134629054,919789593.8675958
2021-10-16,56.30621607706125,1053283618.1333333
2021-10-17,57.550297047316654,1031035696.5124555
2021-10-18,56.05595599430865,652888215.6083916
2021-10-19,55.5487,560155833.6901408
2021-10-20,56.89,722645389.5555556
2021-10-21,59.60641165918896,1413902168.6666667
2021-10-22,61.3599764674507,1798273988.8888888
2021-10-23,65.48190421088071,1801095995.5555556
2021-10-24,65.4527,885757545.1111112
2021-10-25,64.54211936438654,864007869.3333334
2021-10-26,69.7795762341662,1406744738.6666667
2021-10-27,68.8385,1491967384.8888888
2021-10-28,61.6198,1128848855.1111112
2021-10-29,64.3226925997961,773827130.2222222
2021-10-30,64.8222420362732,513281368.1111111
2021-10-31,62.42887149363291,529214284.3333333
2021-11-01,64.29741046975404,684309878
2021-11-02,65.05554640814097,741825674.9268292
2021-11-03,67.69111088850235,1218221872.6666667
2021-11-04,75.57156181154642,2046183782.6666667
2021-11-05,79.21044078883945,1295774843.7777777
2021-11-06,74.26287083953895,727908376.6666666
2021-11-07,78.66330813134651,1609199994.2222223
2021-11-08,87.71912319276564,2851810103.4965034
2021-11-09,91.26174701134396,2018680035.456446
2021-11-10,88.29869059955504,1492854953.7777777
2021-11-11,85.46253954957258,1637359157.5555556
2021-11-12,87.9537817914144,927440257.3333334
2021-11-13,84.89269064164226,1046241640.5853659
2021-11-14,97.2468,1977154761.5888503
2021-11-15,95.43592334578808,1860895182.3216784
2021-11-16,93.8478,2215733355.111111
2021-11-17,98.1244574644182,3394639399.111111
2021-11-18,107.8491,3264920242.6666665
2021-11-19,100.20172377286468,2831911289.7777777
2021-11-20,112.174865884244,2702831584.888889
2021-11-21,125.88513298920545,4316898555.555555
2021-11-22,129.01771539153492,5199124390.489511
2021-11-23,134.79036192890257,3673658264.888889
2021-11-24,124.0069651466327,2584183121.7777777
2021-11-25,115.3299,3120692035.5555553
2021-11-26,119.19827623388532,2535144756.4444447
2021-11-27,103.97814207961969,1932561549.3333333
2021-11-28,113.20189081134308,1833044367.1111112
2021-11-29,110.64566910118792,1867571388
2021-11-30,120.36001335393608,2059077099.1111112
2021-12-01,120.55465860420703,2356584189.7777777
2021-12-02,119.6444,1616812033.3333333
2021-12-03,107.9588942139596,1683296965.7777777
2021-12-04,108.1569,2766777445.7777777
2021-12-05,93.01858329768386,2043823000.4444444
2021-12-06,86.0947,1980739595.5555556
2021-12-07,93.3596671278656,2232331838.6666665
2021-12-08,89.7185409901201,1234225988.6666667
2021-12-09,93.24023604059184,1118768916.8888888
2021-12-10,85.61557890152292,1384510871.1916375
2021-12-11,80.7529,1349775837.7777777
2021-12-12,86.33957353652916,856001538.8888888
2021-12-13,88.11728403896068,1196847248.508834
2021-12-14,79.1672,1481218703.609756
2021-12-15,87.23673226902399,2423289640.888889
2021-12-16,101.112,4340329412.444445
2021-12-17,98.5001,3588826502.2222223
2021-12-18,110.99126192860342,3809676492.619718
2021-12-19,116.21822246905974,1887906205.090909
2021-12-20,107.72936400802006,2043837264.8888888
2021-12-21,113.42201907204571,3276550806.2222223
2021-12-22,123.2756,2465178005.3333335
2021-12-23,116.4896,1976888125.3333333
2021-12-24,121.3767270858264,1613339349.7777777
2021-12-25,114.7461,1574676132.8888888
2021-12-26,115.09267924998986,1268753290.6666667
2021-12-27,115.23377431846156,1367059624
2021-12-28,113.7270599315805,1858546425.7777777
2021-12-29,107.0365,1846106472
2021-12-30,103.0761446104099,1584184476
2021-12-31,101.7964,1390811093.7777777
2022-01-01,109.3674020884166,1658124371.5555556
2022-01-02,114.3938,1210395313.7777777
2022-01-03,113.1229,1090686993.5555556
2022-01-04,108.1009,1300005804
2022-01-05,103.28634102780164,1240076641.3333333
2022-01-06,97.3561,1763015476.4444444
2022-01-07,95.19650014423524,1450737124
2022-01-08,86.7566,1298065250.2222223
2022-01-09,83.89100894369628,1412463178.2222223
2022-01-10,89.29924792924506,1537747898.6666667
2022-01-11,84.4751,1410975282.3972125
2022-01-12,89.5357,1156957023.7777777
2022-01-13,95.9807,1163555988.4444444
2022-01-14,89.4919,1024667165.5555556
2022-01-15,90.37017176354726,746754958.2222222
2022-01-16,93.20041384209074,717146432.2222222
2022-01-17,92.25796961424146,728318586.4444444
2022-01-18,86.69628124175422,778758861.1111112
2022-01-19,86.0771,751917541.6864111
2022-01-20,82.73966688914915,648967805.7777778
2022-01-21,79.32442724744904,1242522280
2022-01-22,66.1375,1980686592
2022-01-23,59.75972988185701,1767586785.3333333
2022-01-24,64.8232,1413524173.7777777
2022-01-25,62.945,1480737668.0139372
2022-01-26,67.96428157778755,1426188284.4444444
2022-01-27,65.81201684120225,1541680566.6666667
2022-01-28,64.50395125334518,1719667092.2222223
2022-01-29,67.0977,2173839108
2022-01-30,72.1067087194076,2251202267.111111
2022-01-31,67.9797,1360284643.1111112
2022-02-01,69.90123615558619,1052578131.7777778
2022-02-02,73.3003,1156193651.7777777
2022-02-03,67.7936,1250408380.2222223
2022-02-04,68.2888,1167203954.8888888
2022-02-05,77.79693138414207,1445337790.6666667
2022-02-06,77.2897,823545291.3333334
2022-02-07,79.03186794154652,1021925547.3333334
2022-02-08,83.20006872915789,2364489509.7777777
2022-02-09,86.28742697288178,2199161994.2222223
2022-02-10,90.0961,1514238856.8888888
2022-02-11,91.0772584042454,1975640964.8888888
2022-02-12,81.7718,1652506988.8888888
2022-02-13,81.1765,1123567492
2022-02-14,77.937,1002002003.0877193
2022-02-15,82.05532661908519,1457637649.3333333
2022-02-16,92.8468,2129337701.6864111
2022-02-17,95.2458,2605720192.888889
2022-02-18,88.3156,2097552999.4703832
2022-02-19,83.7470905105072,1498385097.7777777
2022-02-20,85.11952387743467,1369117233.3333333
2022-02-21,77.16865213709049,1824126936
2022-02-22,70.1052598559655,2308724564
2022-02-23,74.5474,2072572915.5555556
2022-02-24,73.40271415952124,3189809029.3333335
2022-02-25,76.56952735989046,3223299492.4444447
2022-02-26,80.95073871643726,2067887132.4444444
2022-02-27,81.7197,1810104606.2222223
2022-02-28,74.97822575931055,2075701769.3333333
2022-03-01,84.5551,2816441721.7777777
2022-03-02,86.8141,2145272414.6666667
2022-03-03,83.350969223404,1633585925.3519163
2022-03-04,78.55845439993229,1987687959.3543859
2022-03-05,75.70300306099246,1799538209.9498208
2022-03-06,76.7483,991329486.2222222
2022-03-07,72.42873291227673,1177948728.4444444
2022-03-08,71.76150069221647,1493833968.8888888
2022-03-09,73.03489090779463,1981847188.4444444
2022-03-10,77.66893510784723,1514075753.7777777
2022-03-11,74.00610122134277,1567585735.1111112
2022-03-12,71.14200196252676,1116343922.6666667
2022-03-13,70.94897270109999,623415649.1111112
2022-03-14,67.99019317490182,1141686579.3333333
2022-03-15,68.96658311628784,1347784173.3333333
2022-03-16,69.83969127300733,1220880272
2022-03-17,74.10735534983189,1742206296.8888888
2022-03-18,79.39469464297672,2084675178.6666667
2022-03-19,85.6802965498578,2264200850.2222223
2022-03-20,89.62512407625726,1790032345.7777777
2022-03-21,84.70527825550614,2138397786.6666667
2022-03-22,86.26104915351144,2442341059.111111
2022-03-23,84.02830044331036,1857670258.174216
2022-03-24,86.14454377104703,1873426340.8888888
2022-03-25,87.59084564859825,1744007043.5555556
2022-03-26,83.62108761047082,1320973065.5555556
2022-03-27,85.98932902531185,946040674.6666666
2022-03-28,89.92671725897259,1875170288
2022-03-29,89.47874347085015,2640559150.2222223
2022-03-30,92.747569058158,2263014213.3333335
2022-03-31,95.56455645241148,3391923738.759582
2022-04-01,97.37428910939914,2994718627.2334495
2022-04-02,96.717,2423899802.6666665
2022-04-03,96.06524037906024,2194341747.111111
2022-04-04,98.08318357743664,1818104066.2222223
2022-04-05,95.91836188789507,1761576820.8888888
2022-04-06,90.95571727586656,1939817257.031359
2022-04-07,82.89930740508919,2132585621.3333333
2022-04-08,87.71315233064274,2109946578.0627177
2022-04-09,83.6475,1620065107.7777777
2022-04-10,84.59899545763939,932283840
2022-04-11,81.0731,1371754603.2740214
2022-04-12,74.28582532580259,1591880874.1265824
2022-04-13,76.3148225820314,1297004214.1538463
2022-04-14,80.069,1276998136.029304
2022-04-15,76.81081326177846,1019309144.2222222
2022-04-16,77.4355,657926657.5555556
2022-04-17,77.7658,467961114.5555556
2022-04-18,75.5109,881069892.6666666
2022-04-19,77.7604,1006241914.8710802
2022-04-20,80.3119,994986093.9372822
2022-04-21,78.2162754624411,895768932.6666666
2022-04-22,75.0343,988755948.7552447
2022-04-23,74.0418,667781025.8888888
2022-04-24,72.8013,488496654.3333333
2022-04-25,71.55653821637056,945200408.4181185
2022-04-26,72.84521881962614,944749208.8888888
2022-04-27,68.6879,931050955.7777778
2022-04-28,69.8608,817184132.2517482
2022-04-29,67.2762,898828126.4444444
2022-04-30,63.38228579675418,874550930
2022-05-01,56.95487381223873,1425407097.1182795
2022-05-02,58.7238,1335466932.8803089
2022-05-03,60.38132131857672,1425347605.1111112
2022-05-04,59.58877255344891,1057986002.0571429
2022-05-05,67.0029,1680228056.7526133
2022-05-06,59.0498,1889873565.3333333
2022-05-07,56.9787,1171877078.8888888
2022-05-08,55.0981,1214403383.7777777
2022-05-09,51.62565027284041,1579381200.6760564
2022-05-10,41.46853819358989,2723128623.111111
2022-05-11,44.4549,3075414903.080139
2022-05-12,30.8681,3783373238.2222223
2022-05-13,30.2195,2481603278.6666665
2022-05-14,32.1351,1519288314.2222223
2022-05-15,33.8851,1278235967.1111112
2022-05-16,36.4781438250107,1486954596.4444444
2022-05-17,32.37008844796293,1449650696.4444444
2022-05-18,34.36579223804716,1410737044.5156794
2022-05-19,29.4654,1624675293.986014
2022-05-20,30.36905308568512,1851793077.7777777
2022-05-21,28.77201142911074,1377735485.5555556
2022-05-22,29.858515739512143,1037408494.2222222
2022-05-23,31.72066013051673,1524591162.4250872
2022-05-24,28.98618470593453,1617305287.1111112
2022-05-25,29.0315,1367940796.4444444
2022-05-26,27.2004,1602590551.5555556
2022-05-27,23.4188,2132324338.2222223
2022-05-28,22.42831410999936,1819393630.2222223
2022-05-29,24.75968478961604,1821439439.1111112
2022-05-30,26.1429,2015559540.3636363
2022-05-31,27.665,2150333600
2022-06-01,26.37739115637249,1594834928.2807016
2022-06-02,23.67306119672329,1623137135.1111112
2022-06-03,24.652006740783225,1192160610.2222223
2022-06-04,23.001895758928548,977517178
2022-06-05,24.54122460213572,1041396708.8888888
2022-06-06,24.208521268286862,1578125943.1111112
2022-06-07,26.0145,1969936511.1111112
2022-06-08,24.5836,1581911792.4507043
2022-06-09,24.507839331995857,1048469764.9403509
2022-06-10,24.39894794848973,1011027059.5555556
2022-06-11,22.041745780412622,1061295961.7777778
2022-06-12,19.8342,1488654553.3333333
2022-06-13,17.27001443349115,2192787146.7412586
2022-06-14,16.036311148261795,2396299794.4140353
2022-06-15,16.5772,1722379867.5555556
2022-06-16,18.23293854039052,1922957914.0905924
2022-06-17,15.7606,1129641050.8888888
2022-06-18,15.9686,830749217.6724739
2022-06-19,14.8277,1134785353.1111112
2022-06-20,16.1638,1137870075.1111112
2022-06-21,17.0939,1114698020.770909
2022-06-22,16.89948567281762,910475187.7777778
2022-06-23,16.064806507829463,934512288.2222222
2022-06-24,18.2714,1285965859.7777777
2022-06-25,20.48423737200902,1216464625.3333333
2022-06-26,21.361840877299937,981001504.2222222
2022-06-27,19.7134,851756730.4444444
2022-06-28,19.25752493675492,923015982
2022-06-29,18.1025,954626153.7003484
2022-06-30,17.7196,942716916
2022-07-01,16.96254680598178,1051368950.6666666
2022-07-02,16.07600350465981,689845541.2222222
2022-07-03,16.30214261783938,470789786
2022-07-04,16.6374,628920295.4444444
2022-07-05,17.8886,898901258.7412587
2022-07-06,18.06546402741317,1107139372.9163637
2022-07-07,19.138192953467406,1063683902.6666666
2022-07-08,20.215600321415305,1082297957.9094076
2022-07-09,19.698360702408344,747157879.4444444
2022-07-10,19.900847763365437,466576520.1111111
2022-07-11,19.133070109483228,543263182.2222222
2022-07-12,17.3442803967247,623700638
2022-07-13,16.7413,835041205.7777778
2022-07-14,18.7618,1134873108.4444444
2022-07-15,19.7288,1012170937.7560976
2022-07-16,19.34099923327352,818836236
2022-07-17,21.235646432508226,1021072222.6666666
2022-07-18,20.62898404053419,1222866509.7222223
2022-07-19,24.16594456134176,1719566542.2222223
2022-07-20,24.7435,1599533066.2578397
2022-07-21,23.6053,1362376947.1111112
2022-07-22,25.038,1038488893.1010453
2022-07-23,23.6509,805396767.5524476
2022-07-24,23.63378825439504,645985350.020906
2022-07-25,23.83774746122838,701987089.1111112
2022-07-26,20.9472,763579318.6341463
2022-07-27,20.71199441437214,750126328.4181185
2022-07-28,23.418724424741107,1165765513.1111112
2022-07-29,24.249765713077316,1174092158.6666667
2022-07-30,24.5588,993053335.5555556
2022-07-31,24.23299448523097,757043106
2022-08-01,23.7309,648755756.2222222
2022-08-02,23.629973637614064,641133946.8888888
2022-08-03,22.89961652462587,668315094.8571428
2022-08-04,23.0696473365462,574394468.4444444
2022-08-05,23.375978674792677,590231373.2222222
2022-08-06,24.95461137839175,766807287.5555556
2022-08-07,26.6514,1037948726.2222222
2022-08-08,27.903410874501237,1374175340.8888888
2022-08-09,27.9708,1341401336.4722223
2022-08-10,27.38826899313544,998380460.2222222
2022-08-11,29.16976358400164,528558334.3333333
2022-08-12,28.5719,353115914.2222222
2022-08-13,29.3534,333342299.1111111
2022-08-14,29.185651335306986,275972507.9444444
2022-08-15,28.21899034108756,308970106.6666667
2022-08-16,27.8837,273768895.3333333
2022-08-17,27.18607903790408,278124932.34843206
2022-08-18,25.588583307937,291197024.1111111
2022-08-19,24.239,438041160.8888889
2022-08-20,22.493300942689984,406553589.5191638
2022-08-21,22.2927798600805,300415075.7777778
2022-08-22,23.001284754575806,284952403.8333333
2022-08-23,22.5224,281520654.7222222
2022-08-24,23.52311725423079,239526837.44444445
2022-08-25,23.04119237043843,194458092.94444445
2022-08-26,23.030610519096022,235570648.1111111
2022-08-27,20.675562107018678,345028642.5555556
2022-08-28,20.0699,213238363.44444445
2022-08-29,18.4543,390811132.8780488
2022-08-30,19.343832186982883,419565254.5783972
2022-08-31,19.3827,363254151.4444444
2022-09-01,19.1489,248515436.3888889
2022-09-02,19.336859217989,216582834.45296168
2022-09-03,18.8804,174116924.30555555
2022-09-04,18.90665851951803,123857216.52777778
2022-09-05,19.059069737201817,144658260.16666666
2022-09-06,19.466520928989244,259373988.94444445
2022-09-07,18.21851592863892,262686393.8888889
2022-09-08,19.0302905868014,240694516.1111111
2022-09-09,19.1435,321386290
2022-09-10,20.408605034693213,325058024.5555556
2022-09-11,20.4994,246894339.2777778
2022-09-12,20.701654777613644,416606360.1666667
2022-09-13,21.39075342375374,724225416
2022-09-14,18.87329149177657,780336604.8888888
2022-09-15,19.12188959680802,709821083.7777778
2022-09-16,18.2091,609063384.1111112
2022-09-17,18.063167420668705,442176528
2022-09-18,18.48052975450608,518421588.7777778
2022-09-19,16.720486176978824,605563428.3333334
2022-09-20,17.280057361805547,441044252.83623695
2022-09-21,16.67,465981165
2022-09-22,16.574800869994313,657708798.2222222
2022-09-23,17.67717935665697,523615203.1111111
2022-09-24,17.97097949746386,433282924
2022-09-25,17.6218,242707843.3888889
2022-09-26,17.3181,307928293.7979094
2022-09-27,17.5673,462142541.6666667
2022-09-28,17.307465613530965,530772941.82578397
2022-09-29,17.25407111482591,359754696.5555556
2022-09-30,17.341077255239497,410028053.2222222
2022-10-01,17.199832222779072,338570806.68070173
2022-10-02,16.9569,234989752.33333334
2022-10-03,16.531172232576573,337602338.7777778
2022-10-04,17.1406,334038894.1111111
2022-10-05,17.4338,297063292
2022-10-06,17.3787,314154234.8888889
2022-10-07,17.0343,262763934.94076654
2022-10-08,16.898367472973455,191863151.49825785
2022-10-09,16.7774,131822965.25
2022-10-10,16.8922,203580332.09756097
2022-10-11,16.19700608175655,346862842.7777778
2022-10-12,15.954,236362772.7944251
2022-10-13,15.951087157638351,427493066.14634144
2022-10-14,15.659886576062627,547432137.6666666
2022-10-15,15.6719,257597632.83333334
2022-10-16,15.4269,185459487.16376308
2022-10-17,15.744613153405686,265627810.44444445
2022-10-18,16.1744,324532492.1111111
2022-10-19,15.8691,346972229
2022-10-20,15.0651,413113780
2022-10-21,15.1521,490161172.1111111
2022-10-22,15.6826,345297784
2022-10-23,15.6771,258574622.4947735
2022-10-24,16.3048,345596263
2022-10-25,15.7487,364701357.4444444
2022-10-26,16.63941181473481,686739588.2222222
2022-10-27,17.010820498644097,632949742.6666666
2022-10-28,16.898262141844526,702813787.1111112
2022-10-29,18.34659653970565,712255845.3333334
2022-10-30,18.303943707126226,496849645.8888889
2022-10-31,18.2577,650644505.6666666
2022-11-01,19.299196946644734,692347616.7777778
2022-11-02,18.6352,482452401
2022-11-03,17.918424253014688,632312996.5555556
2022-11-04,18.04853816757346,525454043.4444444
2022-11-05,19.3805,606053139.7777778
2022-11-06,19.6127,541275673.8888888
2022-11-07,18.2856,454974294.8888889
2022-11-08,18.0716,890548329.8888888
2022-11-09,16.013009901193286,1269994648.4444444
2022-11-10,12.869516698088276,1175237282.8888888
2022-11-11,15.4097,567459150.1111112
2022-11-12,14.0971,396457435.4444444
2022-11-13,13.0719,220855463
2022-11-14,13.01584039923998,375693215.4444444
2022-11-15,13.109847224378749,320869075.2777778
2022-11-16,13.4833,301645928.2222222
2022-11-17,13.061293471829265,279856831.8333333
2022-11-18,12.860445284846602,284292525.9372822
2022-11-19,12.98674955016774,200128903.19163764
2022-11-20,12.871100772585766,180720862.83333334
2022-11-21,12.1786,299945493.5555556
2022-11-22,11.819246384247828,351391274.4444444
2022-11-23,12.3332,333970009.3333333
2022-11-24,13.0432,285198415.9444444
2022-11-25,12.9476,201339323.83333334
2022-11-26,12.8106,186757066.1111111
2022-11-27,12.74923769872243,167595728.3902439
2022-11-28,12.861767119759392,283285035.6666667
2022-11-29,12.4482,280809054.6111111
2022-11-30,12.4629,288374205
2022-12-01,13.154891779619119,284746177.2222222
2022-12-02,12.895275233868594,269647335.8606272
2022-12-03,13.5805,358591141.3519164
2022-12-04,13.408762833458205,304487082.5555556
2022-12-05,13.925489395797596,321676779.1666667
2022-12-06,13.602919881253275,267395542.7777778
2022-12-07,13.675475395147865,232427449.16666666
2022-12-08,13.269885483766089,204845601.44947734
2022-12-09,13.418256289611078,195608569.5
2022-12-10,13.461685620056997,158013133.80555555
2022-12-11,13.491686895968831,129094772.05555555
2022-12-12,12.994747881744834,215000902.7777778
2022-12-13,13.007117696810234,290873418.5
2022-12-14,13.749194081753885,411302670.6666667
2022-12-15,13.71359502477353,342036366.2777778
2022-12-16,13.182202593286567,250592771.3888889
2022-12-17,11.850616994623882,289734255.8888889
2022-12-18,11.971627390943869,151253318.75
2022-12-19,11.928490181717576,175472569.7222222
2022-12-20,11.385572512714432,245671355.2222222
2022-12-21,11.965788992098563,166526869.94444445
2022-12-22,11.709295965649291,147747019.8888889
2022-12-23,11.855810789489869,159586675.55555555
2022-12-24,11.795449040161783,110571704.03030303
2022-12-25,11.6927,104591151.008
2022-12-26,11.690210463658778,165240916.33333334
2022-12-27,11.725878230058198,154643097.5277778
2022-12-28,11.654906384853566,210930790.1111111
2022-12-29,11.20238830841376,186797950.05555555
2022-12-30,10.981897401987636,239213715.05555555
2022-12-31,10.87331244747515,160719062.71777004
2023-01-01,10.9008,130099174.69444445
2023-01-02,10.869058651294674,200467186
2023-01-03,11.161257031831598,222134134.16666666
2023-01-04,11.3833,291315835.8333333
2023-01-05,12.080094932036177,286656817.7222222
2023-01-06,11.7462,213717407.83333334
2023-01-07,11.782032004024407,190155170.94444445
2023-01-08,11.752552620350809,143987425.33333334
2023-01-09,12.073682373589952,341753346.5
2023-01-10,12.18734647350736,380061758.5555556
2023-01-11,12.722566529816559,525402280.2222222
2023-01-12,15.866974099243015,2561172051.111111
2023-01-13,15.4535,1429804356.8888888
2023-01-14,15.954952514345754,1717521016.4444444
2023-01-15,16.9557,1047031299.3333334
2023-01-16,16.808898986645723,788878446.6666666
2023-01-17,16.761906425020346,745236864
2023-01-18,17.129131429848105,781399456.6666666
2023-01-19,15.838431158122347,653459585.6666666
2023-01-20,16.17915323317068,419335122.7777778
2023-01-21,17.5109,765016828
2023-01-22,16.8904,656280452.7777778
2023-01-23,17.3577,822755874.6666666
2023-01-24,17.9918,798617560
2023-01-25,17.023327352480567,712068974.4444444
2023-01-26,17.8040102258221,745678408.2222222
2023-01-27,18.103,770556074.2222222
2023-01-28,21.2191,1670777837.7777777
2023-01-29,20.5956,964076712.8888888
2023-01-30,21.0482,913945352
2023-01-31,19.7561,1026958202.2222222
2023-02-01,19.8262,711855360.8888888
2023-02-02,20.9529,1561388681.3333333
2023-02-03,21.1588,1127811929.3333333
2023-02-04,21.371,643895371.6666666
2023-02-05,21.0517,485349353.5555556
2023-02-06,20.09892867583088,513224235.6666667
2023-02-07,19.5553,465121856.5555556
2023-02-08,20.8516,594004224.1111112
2023-02-09,20.105,558847513.8888888
2023-02-10,17.877407597469617,652770811.6666666
2023-02-11,17.7966,350127514.0555556
2023-02-12,18.0064,324112265.5555556
2023-02-13,17.7736,521891409.2222222
2023-02-14,17.612695257475508,497851761.6666667
2023-02-15,18.1431,485753817.3333333
2023-02-16,19.941376416334904,690962730.8888888
2023-02-17,18.613,654128804.5555556
2023-02-18,19.4739,573945896.8888888
2023-02-19,19.5552,386515779.8888889
2023-02-20,19.855,867364014.8888888
2023-02-21,20.860010532127617,857108139.5555556
2023-02-22,20.9845,1300364442.4444444
2023-02-23,20.3202,795971447.5555556
2023-02-24,19.71,511877920.6666667
2023-02-25,18.3831,532782498.1184669
2023-02-26,17.9611,368623401.4444444
2023-02-27,18.4316,322931486.5555556
2023-02-28,17.929207808049753,397359999.1111111
2023-03-01,17.07503941542724,406114057.7777778
2023-03-02,17.7773,295173807.7777778
2023-03-03,17.4666,393955725.8888889
2023-03-04,16.6664,258229910.46689895
2023-03-05,16.13490280831733,292926322.2777778
2023-03-06,16.148,280073152.2777778
2023-03-07,16.5066,359480618.2222222
2023-03-08,16.1667,357670523.2842105
2023-03-09,15.109504488225603,409421951.33101046
2023-03-10,14.4135,662848549.3519164
2023-03-11,14.83295032115947,640060468.7777778
2023-03-12,14.6515,381936297.8888889
2023-03-13,16.241004499256057,748250326.0070175
2023-03-14,16.5077,715105716.5070423
2023-03-15,17.2012,819686391.3333334
2023-03-16,15.596504920334132,666143363.5679443
2023-03-17,15.8635,525573755.7777778
2023-03-18,17.6734,709207710.4444444
2023-03-19,16.999044066648487,496103678.4444444
2023-03-20,17.562,535852290.3333333
2023-03-21,16.6502,522344700.4444444
2023-03-22,17.47864647695662,523800872.6666667
2023-03-23,16.76815732979723,646722135.8888888
2023-03-24,17.5695,425488147.3333333
2023-03-25,16.960337845921927,302785145.7777778
2023-03-26,16.9062,292560482.3986697
2023-03-27,17.12875526174188,279338571.9444444
2023-03-28,16.494,340372853.5555556
2023-03-29,16.7124,353229819.6666667
2023-03-30,17.3123,399163364.2222222
2023-03-31,17.235790564007072,413064553.7777778
2023-04-01,17.708979999165415,305675025.3333333
2023-04-02,17.804170868699707,205146846.83333334
2023-04-03,17.2561,290715053.6
2023-04-04,17.104589515050016,334917691.5555556
2023-04-05,17.6524,405382033.7777778
2023-04-06,17.9977,370799417.8888889
2023-04-07,17.9758,314023690.8888889
2023-04-08,17.6128,178102008.44444445
2023-04-09,17.4646,157971058.6759582
2023-04-10,17.548978145426748,176804363.16666666
2023-04-11,17.9435,322888040.6666667
2023-04-12,18.1553,435299396.4444444
2023-04-13,18.2559,609588293.6666666
2023-04-14,18.8502,489220201.2543554
2023-04-15,19.2458,441232253.35097295
2023-04-16,19.105062868478974,337279945.4868025
2023-04-17,20.198543897241453,998630193.3757972
2023-04-18,20.5353,808000594.3993056
2023-04-19,21.2098,644435860.1076388
2023-04-20,19.0145,646200348.46875
2023-04-21,18.3271,554331224.5104166
2023-04-22,16.9542,457452635.1909722
2023-04-23,17.2384,257614087.3611111
2023-04-24,16.8635,320384792.2118056
2023-04-25,16.9372,330718084.6423611
2023-04-26,17.6392,441671411.9027778
2023-04-27,17.1924,581141852.4006969
2023-04-28,17.7294,310801721.09375
2023-04-29,17.5737,220521664.5138889
2023-04-30,17.5066,187649375.25694445
2023-05-01,17.1153,276786823.4965278
2023-05-02,16.6653,245821400.43055555
2023-05-03,16.8666,237818666.6851852
2023-05-04,17.2245,339152386.2638889
2023-05-05,16.9438,287138193.4652778
2023-05-06,17.4054,342482695.28125
2023-05-07,16.6595,231960335.4097222
2023-05-08,16.5357,343430901.8611111
2023-05-09,15.5213,346629925.33449477
2023-05-10,15.3716,278090069.0208333
2023-05-11,15.5491,399391848.3888889
2023-05-12,14.9755,304183954.4479167
2023-05-13,15.2065,222913255.30208334
2023-05-14,14.9449,142986890.03819445
2023-05-15,15.051,211296619.69122806
2023-05-16,15.0997,219072315.95833334
2023-05-17,14.9108,209246145.68055555
2023-05-18,15.1648,244375568.9236111
2023-05-19,14.6937,219188109.98958334
2023-05-20,14.6835,151594666.625
2023-05-21,14.638,117786799.3611111
2023-05-22,14.3235,212594081.5451389
2023-05-23,14.689,228621137.63194445
2023-05-24,14.7251,212363334.27083334
2023-05-25,14.1504,244039497.3754386
2023-05-26,14.0964,215501292.73776224
2023-05-27,14.3507,196763500.0277778
2023-05-28,14.578,227642465.05208334
2023-05-29,14.9227,268587027.4773519
2023-05-30,14.4897,226728608.5087108
2023-05-31,14.4427,245007589.66550523
2023-06-01,14.1029,204601015.16027874
2023-06-02,14.1069,206138433.70731708
2023-06-03,14.5131,172920597.59930313
2023-06-04,14.5908,148519999.6445993
2023-06-05,14.7737,278206066.902439
2023-06-06,13.8866,354112219.1219512
2023-06-07,14.6443,303820882.85365856
2023-06-08,14.0125,236361488.0836237
2023-06-09,13.9436,206325144.89198607
2023-06-10,13.7492,584950737.1328671
2023-06-11,11.64,389187353.184669
2023-06-12,11.5803,243958208.83972126
2023-06-13,11.5212,237756950.97560975
2023-06-14,11.806,220395960.10452962
2023-06-15,11.3613,293668364.83972126
2023-06-16,11.3916,203647832.84320557
2023-06-17,11.5138,179574404.68641114
2023-06-18,11.6182,161802524
2023-06-19,11.3463,156921360.71777004
2023-06-20,11.4551,187600490.61324042
2023-06-21,12.0785,312059269.0487805
2023-06-22,12.9159,364626524.8954704
2023-06-23,12.6885,259758969.83972126
2023-06-24,13.2428,283943915.5226481
2023-06-25,13.0221,243699858.42857143
2023-06-26,13.3887,251404656.4738676
2023-06-27,13.1623,256163677.85017422
2023-06-28,13.2033,234753748.7839721
2023-06-29,12.3361,291671036.8850174
2023-06-30,12.6803,340554166.41463417
2023-07-01,13.0662,338528877.87108016
2023-07-02,13.0042,199504460.49825785
2023-07-03,13.1059,294121738.62020904
2023-07-04,13.262,284527252.0592334
2023-07-05,13.0352,249103204.4216028
2023-07-06,12.773,328232833.9268293
2023-07-07,12.4459,322460695.1358885
2023-07-08,12.8275,497145092.9860627
2023-07-09,13.6234,614070900.6968641
2023-07-10,13.5455,435146066.80836236
2023-07-11,13.3744,355547543.6132404
2023-07-12,13.2325,262557404.2857143
2023-07-13,13.0197,324835588.5609756
2023-07-14,14.1536,1063012134.3937283
2023-07-15,14.5786,804004457.4076655
2023-07-16,14.8611,374046009.41463417
2023-07-17,14.2408,321916369.36236936
2023-07-18,14.4043,349010421.7456446
2023-07-19,13.8161,294028390.1533101
2023-07-20,13.9999,301536752.20905924
2023-07-21,13.8303,276337124.9616725
2023-07-22,13.9775,190904527.0696864
2023-07-23,13.5308,190935014.8989547
2023-07-24,13.5285,243409558.49825785
2023-07-25,13.1458,274233847.24041814
2023-07-26,13.3413,278389401.9337979
2023-07-27,13.2638,232509916.02787456
2023-07-28,13.1437,169375410.86759582
2023-07-29,13.2149,118358834.47735192
2023-07-30,13.2471,122084284.36236934
2023-07-31,13.1123,214980038.83450705
2023-08-01,12.8098,266156118.9303136
2023-08-02,12.8995,229702064.2508711
2023-08-03,12.5091,212710501.6445993
2023-08-04,12.4469,196735352.7142857
2023-08-05,12.3863,156668403.34615386
2023-08-06,12.4323,137732587.456446
2023-08-07,12.5919,177204720.83972126
2023-08-08,12.445,209901193.17770034
2023-08-09,12.7153,210113600.8989547
2023-08-10,12.6298,181688985.87456447
2023-08-11,12.4683,141488696.22648084
2023-08-12,12.4391,113000080.8815331
2023-08-13,12.3975,114523720.58188154
2023-08-14,12.2454,149819935.24738675
2023-08-15,12.3482,154966563.80836236
2023-08-16,11.8405,225655700.6933798
2023-08-17,11.3545,239816543.7456446
2023-08-18,10.6128,331699726.87456447
2023-08-19,10.8053,184509549.75261325
2023-08-20,10.808,119094568.55400696
2023-08-21,10.8708,150117815.3728223
2023-08-22,10.363,219766938.83275262
2023-08-23,10.1464,279866069.5888502
2023-08-24,10.3436,196851768.31707317
2023-08-25,10.1085,211018086.46689895
2023-08-26,10.0361,171248502.68292683
2023-08-27,10.0989,128858479.32752614
2023-08-28,10.1856,180367747.6968641
2023-08-29,10.3925,324576969.6480836
2023-08-30,10.7954,307337582.19163764
2023-08-31,10.4025,197332781.16724738
2023-09-01,9.988930766814178,218253088.62369338
2023-09-02,9.920349848041221,153820421.43554008
2023-09-03,9.912080392497334,114024264.09407665
2023-09-04,9.880840866506933,122637772.73867595
2023-09-05,9.799620262748501,144823295.89547038
2023-09-06,9.9163056654396,134464999.34494773
2023-09-07,9.941765174765738,133566343.75609756
2023-09-08,10.0853,136883632.9965157
2023-09-09,9.915670078258467,87868653.54355401
2023-09-10,9.833179316567687,159255635.7944251
2023-09-11,9.457392763880506,186758525.02787456
2023-09-12,9.250683511834012,218630212.18118468
2023-09-13,9.193111641913847,196863445.0522648
2023-09-14,9.298605538098549,185135246.0836237
2023-09-15,9.406292138801716,138909914.1358885
2023-09-16,9.439854559617485,154990802.5400697
2023-09-17,9.35880652737606,129888162.76655053
2023-09-18,9.088264252193683,232177533.24825174
2023-09-19,9.127923464101508,199460217.64111498
2023-09-20,9.207786147025827,207297783.73519164
2023-09-21,9.026926895690663,232982694.67247388
2023-09-22,8.83909461202943,180713894.63066202
2023-09-23,8.887083733916556,141483016.7944251
2023-09-24,8.911231622707088,121624091.50522648
2023-09-25,8.770166827339313,179293501.3554007
2023-09-26,8.949522621761616,153097403
2023-09-27,9.044903639206547,177840958.17770034
2023-09-28,8.917560444428377,209699363.8118467
2023-09-29,9.27174385385063,210974269.91986063
2023-09-30,9.168543332322242,165102659.5400697
2023-10-01,9.221286041184495,174729945.85714287
2023-10-02,9.75116256676159,238788079.2055749
2023-10-03,9.273586255253694,208074076.26480836
2023-10-04,9.370164380849703,385919759.7630662
2023-10-05,10.0906,685917186.6794425
2023-10-06,10.1969,605291432.6480836
2023-10-07,10.6943,841028222.9930314
2023-10-08,10.3301,577324644.7317073
2023-10-09,10.0679,338906102.16376305
2023-10-10,9.549419850817449,344896601.72473866
2023-10-11,9.539258683636506,292303895.5400697
2023-10-12,9.286718974140905,261884124.1358885
2023-10-13,9.117906553237033,213886771.83623692
2023-10-14,9.140871472326685,160503920.26132405
2023-10-15,9.148377945473504,116547107.89399293
2023-10-16,9.17906572804946,229588638.14285713
2023-10-17,9.401705552296136,268609663.80836236
2023-10-18,9.099086188347355,221759323.12195122
2023-10-19,8.889138279638214,219612361.6968641
2023-10-20,9.114355427030489,244887717
2023-10-21,9.304837398712051,268184806.70034844
2023-10-22,9.60832550216589,376189999.0836237
2023-10-23,10.1088,433427297.5226481
2023-10-24,10.5752,630972371.9581882
2023-10-25,10.3118,446447871.27874565
2023-10-26,10.4991,599579087.3157895
2023-10-27,11.0266,558439813.3484321
2023-10-28,10.5975,364480812.0696864
2023-10-29,10.9636,260177741.77003485
2023-10-30,11.4239,329991927.4773519
2023-10-31,11.4402,396135920.3379791
2023-11-01,11.2757,438487064.25087106
2023-11-02,12.2842,748648151.7317073
2023-11-03,11.8439,447511375.8641115
2023-11-04,12.091,294671223.3031359
2023-11-05,12.2696,292059124.22996515
2023-11-06,12.366,408117465.18118465
2023-11-07,13.0331,405699551.41463417
2023-11-08,12.8025,346478773.6167247
2023-11-09,12.9807,521768291.70034844
2023-11-10,12.9378,887749226.7421603
2023-11-11,14.7042,1180014325.878049
2023-11-12,16.8189,2064122955.912892
2023-11-13,18.7512,1873960458.2578397
2023-11-14,16.1136,1490769390.271777
2023-11-15,17.1462,2049415563.641115
2023-11-16,20.5597,3372513443.7212543
2023-11-17,21.9574,3877130348.902439
2023-11-18,21.7843,2246503825.425087
2023-11-19,21.8882,1413930406.2404182
2023-11-20,22.7232,1392972010.0243902
2023-11-21,20.7399,1452243968.989547
2023-11-22,19.2989,1992284688.292683
2023-11-23,20.8119,996148639.5017421
2023-11-24,20.6671,815124881.7595819
2023-11-25,20.8322,791847669.5540069
2023-11-26,21.3844,541724243.6701754
2023-11-27,21.0314,777830528.2682927
2023-11-28,20.3585,716875160.0173612
2023-11-29,20.6864,915505571.4027778
2023-11-30,21.1091,795494863.3576388
2023-12-01,21.3547,902860246.9545455
2023-12-02,21.8868,662766946.6167247
2023-12-03,22.2111,549038239.1602788
2023-12-04,21.9301,879435598.4181185
2023-12-05,22.4856,1203954403.3728223
2023-12-06,24.5196,2319539484.8327527
2023-12-07,26.1901,2001083567.4041812
2023-12-08,26.4513,1800627982.7874565
2023-12-09,31.3178,3139595508.965157
2023-12-10,32.1552,2550699038.2125435
2023-12-11,36.9249,4851461590.362676
2023-12-12,38.2905,5416723734.721254
2023-12-13,37.2225,3919724933.93007
2023-12-14,38.7855,3510497876.8466897
2023-12-15,39.177,2792260818.5783973
2023-12-16,39.7709,3662712011.0278745
2023-12-17,42.5893,2781218062.5365853
2023-12-18,40.9439,2291298178.735192
2023-12-19,40.8263,2341607255.2160277
2023-12-20,39.8458,2207339861.9477353
2023-12-21,43.3541,2969055183.432056
2023-12-22,46.4275,3056844326.41115
2023-12-23,45.2013,1833551605.2439024
2023-12-24,48.0213,2632583525.533101
2023-12-25,48.2664,1936828186.3414633
2023-12-26,48.1121,1869497672.2543554
2023-12-27,44.7362,1817726245.0940766
2023-12-28,42.4197,1651709817.5993032
2023-12-29,40.0071,1727299223.5818815
2023-12-30,40.0693,1169342393.1602788
2023-12-31,39.4897,836357792.6480836
2024-01-01,38.7794,860794385.6445993
2024-01-02,41.8738,1279536888.9860628
2024-01-03,40.7443,1524093413.9337978
2024-01-04,36.7159,1692524446.912892
2024-01-05,38.7521,1363053232.7874565
2024-01-06,36.3781,1097794758.7421603
2024-01-07,34.5761,914078637.1428572
2024-01-08,33.7818,1456085963.0696864
2024-01-09,36.1109,1638828736.7630663
2024-01-10,34.5597,1401622352.7247386
2024-01-11,38.5561,2066036051.7665505
2024-01-12,39.3826,1492000604.5400696
2024-01-13,36.0091,1159204968.5749128
2024-01-14,36.5466,776924455.979094
2024-01-15,35.5078,861070368.3135889
2024-01-16,35.7856,693305271.1289198
2024-01-17,35.6076,832331319.097561
2024-01-18,36.0935,801206714.3797909
2024-01-19,33.5961,901029830.3205575
2024-01-20,32.6534,779807103.1358885
2024-01-21,32.8146,501667443.6759582
2024-01-22,32.596,735024761.1881533
2024-01-23,29.5668,1260271245.0383275
2024-01-24,30.2712,1348411918.979094
2024-01-25,31.0767,921573714.4459931
2024-01-26,30.4472,824478173.5470383
2024-01-27,32.2272,753059624.7491289
2024-01-28,33.3796,1271163851.4425087
2024-01-29,34.6765,1350313188.5783973
2024-01-30,35.8752,1164818042.728223
2024-01-31,35.1909,988749912.7038327
2024-02-01,33.2535,939543092.1602788
2024-02-02,33.7946,954184568.2961673
2024-02-03,36.6025,1027842194.6689895
2024-02-04,35.9616,572303003.7038327
2024-02-05,34.8733,650512043.8222996
2024-02-06,34.4528,583323409.8118467
2024-02-07,34.1569,544622879.5574913
2024-02-08,35.2914,749838222.7560976
2024-02-09,35.4739,806696952.6864111
2024-02-10,38.219,1227106219.8815331
2024-02-11,40.4473,1054352394.6236933
2024-02-12,39.7482,954485814.0139372
2024-02-13,40.9932,1303686570.5052264
2024-02-14,39.7609,1120365286.6236935
2024-02-15,42.3776,1403971496.7909408
2024-02-16,41.5473,1105610642.8606272
2024-02-17,40.249,768779766.108014
2024-02-18,39.8097,673816310.3344948
2024-02-19,40.3102,765146480.5226481
2024-02-20,39.5856,975795901.1289198
2024-02-21,38.5137,913946957.4285715
2024-02-22,37.5625,809721072.7665505
2024-02-23,36.7446,727175559.3902439
2024-02-24,35.9375,700795898.9756098
2024-02-25,36.8086,503364582.33101046
2024-02-26,37.3772,667361829.9651568
2024-02-27,39.3475,959076585.6480836
2024-02-28,39.2983,1018151048.0731708
2024-02-29,40.2599,2154555373.780488
2024-03-01,41.0617,1637170400.216028
2024-03-02,42.7572,1276459948.5783973
2024-03-03,44.535,1281315472.641115
2024-03-04,42.6567,1227539287.5958188
2024-03-05,42.8614,1962522875.7473683
2024-03-06,39.3975,2460232785.3205576
2024-03-07,41.8098,1614881283.020906
2024-03-08,43.4471,1251799126.184669
2024-03-09,42.6374,1078673099.466899
2024-03-10,42.9231,813127625.7944251
2024-03-11,41.9973,1861313149.5958188
2024-03-12,48.5658,3896082092.1567945
2024-03-13,55.0284,4062370894.28223
2024-03-14,54.6176,3146004132.7665505
2024-03-15,54.395,4249647992.821678
2024-03-16,58.2978,4884893093.996515
2024-03-17,53.6812,3509000534.6445994
2024-03-18,57.7617,4285957070.543554
2024-03-19,60.7959,5727095020.54007
2024-03-20,53.491,4434058950.205575
2024-03-21,56.6509,3095162129.574913
2024-03-22,53.6555,2327311126.8636365
2024-03-23,53.2398,1964604651.672474
2024-03-24,53.6069,1024752902.5505227
2024-03-25,55.4986,1457905675.8536584
2024-03-26,57.6182,1533319510.132404
2024-03-27,55.8134,1488505640.9651568
2024-03-28,53.9996,1159985101.8566434
2024-03-29,54.4487,773705291.1993006
2024-03-30,53.3406,762410065.174216
2024-03-31,52.9845,599017451.6968641
2024-04-01,54.0953,1077951650.3728223
2024-04-02,51.2949,1522815177.3972125
2024-04-03,46.713,1216616477.1498258
2024-04-04,45.8772,942708246.2596492
2024-04-05,46.3024,847616903.8606272
2024-04-06,45.2067,828532964.4668989
2024-04-07,48.1876,739282024.5540069
2024-04-08,49.0686,797690644.2996516
2024-04-09,49.8239,845454321.4703833
2024-04-10,46.4023,944537423.6993006
2024-04-11,47.1461,882711893.2648084
2024-04-12,46.1431,859118717.902439
2024-04-13,39.1482,1921478092.9163764
2024-04-14,33.9266,2919810139.8013935
2024-04-15,37.102,1784824260.912892
2024-04-16,35.0285,1505983365.2229965
2024-04-17,34.6418,1159308657.3519163
2024-04-18,33.7298,1178592975.1872792
2024-04-19,34.77,1168706419.0314686
2024-04-20,34.7434,832202119.3205575
2024-04-21,38.2017,733018233.3519164
2024-04-22,37.215,780744595.3972125
2024-04-23,39.2257,716873251.9442508
2024-04-24,38.5281,750628026.4773519
2024-04-25,36.385,860961058.7630662
2024-04-26,35.6238,674819628.9094076
2024-04-27,34.5243,633747721.5958188
2024-04-28,34.4617,504420711.29268295
2024-04-29,34.0289,615860335.933798
2024-04-30,35.1476,930821227.4076655
2024-05-01,32.6937,983819942.9686412
2024-05-02,33.5691,907328594.7909408
2024-05-03,33.6656,569944370.5226481
2024-05-04,35.5876,588729347.8501742
2024-05-05,37.3886,772595636.6097561
2024-05-06,37.3949,760056391.8466899
2024-05-07,37.2348,819323308.4878049
2024-05-08,35.3985,654116188.3414634
2024-05-09,34.0832,644685282.0418118
2024-05-10,35.0068,614282229.6898955
2024-05-11,33.8207,625596378.4041812
2024-05-12,33.537,330675775.6933798
2024-05-13,33.2403,542565029.6202091
2024-05-14,32.4241,664186795.358885
2024-05-15,31.6804,642573146.8432056
2024-05-16,34.6839,685875018.4634147
2024-05-17,34.5337,701716618.2055749
2024-05-18,36.4209,660948392.6898955
2024-05-19,37.264,488838724.60278744
2024-05-20,35.655,623441004.6236933
2024-05-21,40.2033,1271892172.512195
2024-05-22,41.0935,960092392.1219512
2024-05-23,40.0663,869497544.9651568
2024-05-24,38.425,994156162.2090592
2024-05-25,37.9832,470104390.71777004
2024-05-26,38.2918,369582745.88850176
2024-05-27,36.7151,462267858.41463417
2024-05-28,38.2147,694030694.5574913
2024-05-29,37.0055,626244291.7874564
2024-05-30,36.2298,627361094.9303136
2024-05-31,36.0173,523763589.7944251
2024-06-01,36.0945,378676372.1010453
2024-06-02,35.7453,330759786.9407666
2024-06-03,34.9333,516333104.28571427
2024-06-04,35.0324,554564176.2961673
2024-06-05,36.1142,538576923.5923345
2024-06-06,36.5883,455095729.8919861
2024-06-07,35.9055,606383916.5365853
2024-06-08,33.3725,854411512.6550523
2024-06-09,32.309,409157315.09407663
2024-06-10,32.9756,429432624.33449477
2024-06-11,32.32,651418207.6724739
2024-06-12,31.5851,677893734.3658537
2024-06-13,33.2008,665175038.6341463
2024-06-14,31.145,595112328.3728223
2024-06-15,30.2605,556314341.9512196
2024-06-16,30.1216,343770054.3379791
2024-06-17,30.0573,516024521.8466899
2024-06-18,28.4683,909264120.0383276
2024-06-19,26.5996,599245213.066202
2024-06-20,26.9279,531934998.4216028
2024-06-21,27.6054,528414884.4250871
2024-06-22,27.4622,857995013.8710802
2024-06-23,25.6244,697705190.1498258
2024-06-24,25.0706,949197418.5470383
2024-06-25,24.8308,750173649.4878049
2024-06-26,25.3601,552439369.4285715
2024-06-27,25.8377,741152049.3344948
2024-06-28,27.914,733921956.1463414
2024-06-29,28.0065,598054667.0627178
2024-06-30,27.7438,420363989.21602786
2024-07-01,29.3687,645065245.979094
2024-07-02,28.801,583469576.2787457
2024-07-03,28.7699,603798763.2891986
2024-07-04,26.5182,667149563.8745644
2024-07-05,24.101,1099105250.010453
2024-07-06,25.0539,749948530.0452962
2024-07-07,27.4555,521222176.66898954
2024-07-08,25.7885,724716043.8710802
2024-07-09,25.1297,802030103.010453
2024-07-10,26.4463,625975361.7700348
2024-07-11,25.7262,580743974.4090909
2024-07-12,25.2071,583128223.369338
2024-07-13,25.9782,549495862.4390244
2024-07-14,25.8979,599627198.9512196
2024-07-15,26.4206,666631689.358885
2024-07-16,27.9161,937355904.0731708
2024-07-17,28.0364,980615078.9407666
2024-07-18,27.3418,691386588.5574913
2024-07-19,27.1388,640429427.6794425
2024-07-20,28.1918,622823158.5400697
2024-07-21,29.1173,927501465.1184669
2024-07-22,32.6426,1847640163.077193
2024-07-23,31.9923,1217108637.5749128
2024-07-24,29.9274,1154589504.3066201
2024-07-25,28.3854,1102494367.4146342
2024-07-26,27.239,917442985.0557492
2024-07-27,28.6605,663865728.358885
2024-07-28,27.9459,678841410.6794425
2024-07-29,27.3685,660693715.2473868
2024-07-30,27.073,689268662.912892
2024-07-31,26.3178,638340986.1184669
2024-08-01,25.8165,689880523.4599303
2024-08-02,25.7539,748446465.4599303
2024-08-03,23.6731,725060076.3031359
2024-08-04,22.6542,527154208.5574913
2024-08-05,21.329,1619770178.5052264
2024-08-06,19.6711,1222494774.7212543
2024-08-07,20.8671,651723129.3623693
2024-08-08,19.8917,641386378.7560976
2024-08-09,22.6967,640156370.3310105
2024-08-10,21.7307,412356970.8327526
2024-08-11,21.6003,360712799.29616725
2024-08-12,20.4782,534897142.5888502
2024-08-13,21.2749,547685210.5574913
2024-08-14,21.356,455866292.27874565
2024-08-15,20.9793,493690682.8292683
2024-08-16,20.1479,542745337.174216
2024-08-17,20.3768,374122976.17770034
2024-08-18,20.7216,304705863.0348432
2024-08-19,20.7986,405615916.9442509
2024-08-20,21.2497,529474319.34843206
2024-08-21,22.3379,733058861.6236933
2024-08-22,23.6053,776432055.0313588
2024-08-23,25.2611,1178053204.555944
2024-08-24,26.5527,975755894.8188154
2024-08-25,27.1286,787436842.9198606
2024-08-26,27.0491,690226178.4076655
2024-08-27,26.0498,672419436.3728223
2024-08-28,23.9712,797693266.5296167
2024-08-29,23.548,676211356.4912893
2024-08-30,22.8753,604661833.0627178
2024-08-31,23.318,454600200.2195122
2024-09-01,22.7972,392333187.8641115
2024-09-02,21.4558,548379135.7421603
2024-09-03,22.3762,424127785.68292683
2024-09-04,21.4594,501083112.9477352
2024-09-05,21.8904,424623316.8432056
2024-09-06,21.3988,518245086.29268295
2024-09-07,21.2268,587194584.9965156
2024-09-08,21.8031,448050656.5609756
2024-09-09,23.2581,654666315.6491228
2024-09-10,23.8189,606359413.9965156
2024-09-11,24.3441,577943725.6376307
2024-09-12,23.3058,541862878.0174216
2024-09-13,24.0333,517496230.902439
2024-09-14,24.9215,554013191.0034844
2024-09-15,25.3317,475846258.22996515
2024-09-16,23.8555,557896170.4285715
2024-09-17,23.5354,511090793.4494774
2024-09-18,23.7725,537499668.2264808
2024-09-19,25.0187,979519272.7630662
2024-09-20,26.7518,1091743569.8989546
2024-09-21,27.6281,811237257.7560976
2024-09-22,27.6958,499338274.4982578
2024-09-23,27.2272,732063899.5783972
2024-09-24,27.3516,657476344.1498258
2024-09-25,28.3418,819305983.1567944
2024-09-26,27.3245,758224217.4146341
2024-09-27,29.1703,944981334.5853659
2024-09-28,30.4683,717458097.1289198
2024-09-29,29.3707,510627486.3414634
2024-09-30,29.0387,689571730.933798
