date,volume,price
2018-01-02 00:00:00,0.345,1772994
2018-01-03 00:00:00,0.345,1069637
2018-01-04 00:00:00,0.335,2074152.0000000002
2018-01-05 00:00:00,0.365,876503
2018-01-08 00:00:00,0.41,2239390
2018-01-09 00:00:00,0.38,795382
2018-01-10 00:00:00,0.345,1772310
2018-01-11 00:00:00,0.34,991495
2018-01-12 00:00:00,0.325,1106199
2018-01-15 00:00:00,0.35,724458
2018-01-16 00:00:00,0.32,894210
2018-01-17 00:00:00,0.285,1962211
2018-01-18 00:00:00,0.27,1015455
2018-01-19 00:00:00,0.265,722009
2018-01-22 00:00:00,0.255,529539
2018-01-23 00:00:00,0.29,1248607
2018-01-24 00:00:00,0.29,1498067
2018-01-25 00:00:00,0.255,817665
2018-01-26 00:00:00,0.245,882060
2018-01-29 00:00:00,0.225,1304210
2018-01-30 00:00:00,0.21,945594
2018-01-31 00:00:00,0.23,325267
2018-02-01 00:00:00,0.2,782006
2018-02-02 00:00:00,0.2,1188809
2018-02-05 00:00:00,0.19,1043202
2018-02-06 00:00:00,0.21,709537
2018-02-07 00:00:00,0.205,646168
2018-02-08 00:00:00,0.225,260980
2018-02-09 00:00:00,0.24,845682
2018-02-12 00:00:00,0.24,250191
2018-02-13 00:00:00,0.23,144657
2018-02-14 00:00:00,0.235,558411
2018-02-15 00:00:00,0.24,564354
2018-02-16 00:00:00,0.225,424150
2018-02-20 00:00:00,0.215,378580
2018-02-21 00:00:00,0.215,552392
2018-02-22 00:00:00,0.215,132877
2018-02-23 00:00:00,0.215,100341
2018-02-26 00:00:00,0.22,95775
2018-02-27 00:00:00,0.2,682408
2018-02-28 00:00:00,0.2,471350
2018-03-01 00:00:00,0.2,92300
2018-03-02 00:00:00,0.195,258150
2018-03-05 00:00:00,0.19,293242
2018-03-06 00:00:00,0.185,281180
2018-03-07 00:00:00,0.18,187300
2018-03-08 00:00:00,0.185,66796
2018-03-09 00:00:00,0.185,263300
2018-03-12 00:00:00,0.185,156581
2018-03-13 00:00:00,0.175,116200
2018-03-14 00:00:00,0.165,829674
2018-03-15 00:00:00,0.165,394300
2018-03-16 00:00:00,0.165,575439
2018-03-19 00:00:00,0.17,148661
2018-03-20 00:00:00,0.17,84790
2018-03-21 00:00:00,0.17,217600
2018-03-22 00:00:00,0.155,179700
2018-03-23 00:00:00,0.145,572750
2018-03-26 00:00:00,0.145,76250
2018-03-27 00:00:00,0.13,314135
2018-03-28 00:00:00,0.14,489630
2018-03-29 00:00:00,0.14,74520
2018-04-02 00:00:00,0.14,438820
2018-04-03 00:00:00,0.14,166817
2018-04-04 00:00:00,0.13,143450
2018-04-05 00:00:00,0.125,377615
2018-04-06 00:00:00,0.125,84926
2018-04-09 00:00:00,0.12,317850
2018-04-10 00:00:00,0.145,657547
2018-04-11 00:00:00,0.14,141190
2018-04-12 00:00:00,0.16,246450
2018-04-13 00:00:00,0.165,287698
2018-04-16 00:00:00,0.165,69600
2018-04-17 00:00:00,0.15,341900
2018-04-18 00:00:00,0.165,430145
2018-04-19 00:00:00,0.195,2588150
2018-04-20 00:00:00,0.21,622370
2018-04-23 00:00:00,0.205,276852
2018-04-24 00:00:00,0.2,104842
2018-04-25 00:00:00,0.19,223488
2018-04-26 00:00:00,0.17,313655
2018-04-27 00:00:00,0.175,32577
2018-04-30 00:00:00,0.155,666867
2018-05-01 00:00:00,0.15,112313
2018-05-02 00:00:00,0.145,262750
2018-05-03 00:00:00,0.15,268682
2018-05-04 00:00:00,0.145,51815
2018-05-07 00:00:00,0.145,300646
2018-05-08 00:00:00,0.14,200154
2018-05-09 00:00:00,0.135,35000
2018-05-10 00:00:00,0.14,96053
2018-05-11 00:00:00,0.14,57237
2018-05-14 00:00:00,0.14,79277
2018-05-15 00:00:00,0.14,59850
2018-05-16 00:00:00,0.13,285150
2018-05-17 00:00:00,0.13,43750
2018-05-18 00:00:00,0.14,96500
2018-05-22 00:00:00,0.135,100026
2018-05-23 00:00:00,0.13,180400
2018-05-24 00:00:00,0.13,222000
2018-05-25 00:00:00,0.13,151670
2018-05-28 00:00:00,0.13,9501
2018-05-29 00:00:00,0.115,561000
2018-05-30 00:00:00,0.115,2210955
2018-05-31 00:00:00,0.115,320109
2018-06-01 00:00:00,0.115,165210
2018-06-04 00:00:00,0.115,63600.00000000001
2018-06-05 00:00:00,0.115,55000
2018-06-06 00:00:00,0.11,108800
2018-06-07 00:00:00,0.11,117800
2018-06-08 00:00:00,0.11,25000
2018-06-11 00:00:00,0.115,261579.99999999997
2018-06-12 00:00:00,0.115,90800
2018-06-13 00:00:00,0.115,29500
2018-06-14 00:00:00,0.115,64919.00000000001
2018-06-15 00:00:00,0.115,34500
2018-06-18 00:00:00,0.11,213149
2018-06-19 00:00:00,0.105,45500
2018-06-20 00:00:00,0.105,202025
2018-06-21 00:00:00,0.105,176012
2018-06-22 00:00:00,0.105,333610
2018-06-25 00:00:00,0.105,72886
2018-06-26 00:00:00,0.1,113840
2018-06-27 00:00:00,0.1,129270
2018-06-28 00:00:00,0.09,285500
2018-06-29 00:00:00,0.095,75822
2018-07-03 00:00:00,0.095,95530
2018-07-04 00:00:00,0.095,7000
2018-07-05 00:00:00,0.095,66330
2018-07-06 00:00:00,0.095,49522
2018-07-09 00:00:00,0.1,188542
2018-07-10 00:00:00,0.1,150948
2018-07-11 00:00:00,0.1,23800
2018-07-12 00:00:00,0.09,103980
2018-07-13 00:00:00,0.095,49500
2018-07-16 00:00:00,0.095,27230
2018-07-17 00:00:00,0.095,69920
2018-07-18 00:00:00,0.095,47000
2018-07-19 00:00:00,0.1,31899.999999999996
2018-07-20 00:00:00,0.1,50000
2018-07-23 00:00:00,0.095,93200
2018-07-24 00:00:00,0.095,20000
2018-07-25 00:00:00,0.095,31126
2018-07-26 00:00:00,0.095,29990
2018-07-27 00:00:00,0.09,10900
2018-07-30 00:00:00,0.09,22000
2018-07-31 00:00:00,0.09,5048
2018-08-01 00:00:00,0.09,6116
2018-08-02 00:00:00,0.09,40300
2018-08-03 00:00:00,0.085,85388
2018-08-07 00:00:00,0.085,29100
2018-08-08 00:00:00,0.08,19100
2018-08-09 00:00:00,0.095,255417
2018-08-10 00:00:00,0.09,90900
2018-08-13 00:00:00,0.09,42000
2018-08-14 00:00:00,0.085,65400
2018-08-15 00:00:00,0.085,37720
2018-08-16 00:00:00,0.085,27000
2018-08-17 00:00:00,0.08,1800
2018-08-20 00:00:00,0.08,115495
2018-08-21 00:00:00,0.085,90655
2018-08-22 00:00:00,0.085,156400
2018-08-23 00:00:00,0.085,8000
2018-08-24 00:00:00,0.085,55000
2018-08-27 00:00:00,0.085,55101
2018-08-28 00:00:00,0.09,300857
2018-08-29 00:00:00,0.08,57783
2018-08-30 00:00:00,0.09,96800
2018-08-31 00:00:00,0.085,129530
2018-09-04 00:00:00,0.085,63743.99999999999
2018-09-05 00:00:00,0.08,134000
2018-09-06 00:00:00,0.08,119688
2018-09-07 00:00:00,0.075,411000
2018-09-10 00:00:00,0.075,171642
2018-09-11 00:00:00,0.07,173150
2018-09-12 00:00:00,0.065,258085
2018-09-13 00:00:00,0.065,57200
2018-09-14 00:00:00,0.06,34864
2018-09-17 00:00:00,0.06,103200
2018-09-18 00:00:00,0.07,337600
2018-09-19 00:00:00,0.06,151266
2018-09-20 00:00:00,0.065,18760
2018-09-21 00:00:00,0.065,36690
2018-09-24 00:00:00,0.07,166500
2018-09-25 00:00:00,0.07,266561
2018-09-26 00:00:00,0.065,78300
2018-09-27 00:00:00,0.065,10947
2018-09-28 00:00:00,0.065,69001
2018-10-01 00:00:00,0.065,50400
2018-10-02 00:00:00,0.06,1000
2018-10-03 00:00:00,0.065,42000
2018-10-04 00:00:00,0.065,9000
2018-10-05 00:00:00,0.065,93300
2018-10-09 00:00:00,0.07,33500
2018-10-10 00:00:00,0.06,42000
2018-10-11 00:00:00,0.065,26120
2018-10-12 00:00:00,0.06,97150
2018-10-15 00:00:00,0.065,98000
2018-10-16 00:00:00,0.06,62000
2018-10-17 00:00:00,0.065,112000
2018-10-18 00:00:00,0.065,3000
2018-10-19 00:00:00,0.06,2000
2018-10-22 00:00:00,0.065,129600
2018-10-23 00:00:00,0.06,406200
2018-10-24 00:00:00,0.065,5697
2018-10-25 00:00:00,0.06,87501
2018-10-26 00:00:00,0.06,40000
2018-10-29 00:00:00,0.055,46924
2018-10-30 00:00:00,0.05,104000
2018-10-31 00:00:00,0.05,59550
2018-11-01 00:00:00,0.05,69500
2018-11-02 00:00:00,0.055,73500
2018-11-05 00:00:00,0.055,27900
2018-11-06 00:00:00,0.06,285550
2018-11-07 00:00:00,0.06,98200
2018-11-08 00:00:00,0.06,180000
2018-11-09 00:00:00,0.05,85650
2018-11-12 00:00:00,0.05,81264
2018-11-13 00:00:00,0.05,38000
2018-11-14 00:00:00,0.045,563509
2018-11-15 00:00:00,0.05,65500
2018-11-16 00:00:00,0.05,5000
2018-11-19 00:00:00,0.045,129500
2018-11-20 00:00:00,0.035,274900
2018-11-21 00:00:00,0.04,76800
2018-11-22 00:00:00,0.04,34500
2018-11-23 00:00:00,0.035,38316
2018-11-26 00:00:00,0.035,
2018-11-27 00:00:00,0.04,60501
2018-11-28 00:00:00,0.04,4000
2018-11-29 00:00:00,0.035,7500
2018-11-30 00:00:00,0.035,652325
2018-12-03 00:00:00,0.03,90400
2018-12-04 00:00:00,0.03,195967
2018-12-05 00:00:00,0.03,124000
2018-12-06 00:00:00,0.03,39000
2018-12-07 00:00:00,0.03,489800
2018-12-10 00:00:00,0.035,97000
2018-12-11 00:00:00,0.03,113500
2018-12-12 00:00:00,0.025,112500
2018-12-13 00:00:00,0.025,50900
2018-12-14 00:00:00,0.03,140546
2018-12-17 00:00:00,0.035,325000
2018-12-18 00:00:00,0.03,5000
2018-12-19 00:00:00,0.04,179982
2018-12-20 00:00:00,0.025,390500
2018-12-21 00:00:00,0.025,22700
2018-12-24 00:00:00,0.025,36600
2018-12-27 00:00:00,0.025,488200
2018-12-28 00:00:00,0.035,350500
2018-12-31 00:00:00,0.03,70000
2019-01-02 00:00:00,0.03,7000
2019-01-03 00:00:00,0.03,236600
2019-01-04 00:00:00,0.035,42000
2019-01-07 00:00:00,0.07,3094298
2019-01-08 00:00:00,0.055,908329
2019-01-09 00:00:00,0.05,93500
2019-01-10 00:00:00,0.05,32500
2019-01-11 00:00:00,0.055,120000
2019-01-14 00:00:00,0.05,93000
2019-01-15 00:00:00,0.045,186250
2019-01-16 00:00:00,0.045,90500
2019-01-17 00:00:00,0.045,62570
2019-01-18 00:00:00,0.05,76444
2019-01-21 00:00:00,0.05,285000
2019-01-22 00:00:00,0.05,
2019-01-23 00:00:00,0.045,30000
2019-01-24 00:00:00,0.05,239444
2019-01-25 00:00:00,0.045,184900
2019-01-28 00:00:00,0.05,138351
2019-01-29 00:00:00,0.055,34000
2019-01-30 00:00:00,0.055,154011
2019-01-31 00:00:00,0.05,20000
2019-02-01 00:00:00,0.05,131000
2019-02-04 00:00:00,0.055,370250
2019-02-05 00:00:00,0.05,58000
2019-02-06 00:00:00,0.05,46000
2019-02-07 00:00:00,0.055,20000
2019-02-08 00:00:00,0.05,50000
2019-02-11 00:00:00,0.05,70000
2019-02-12 00:00:00,0.05,21000
2019-02-13 00:00:00,0.05,43000
2019-02-14 00:00:00,0.05,11000
2019-02-15 00:00:00,0.05,109000
2019-02-19 00:00:00,0.055,197375
2019-02-20 00:00:00,0.055,90928
2019-02-21 00:00:00,0.05,178000
2019-02-22 00:00:00,0.05,71000
2019-02-25 00:00:00,0.05,126650.00000000001
2019-02-26 00:00:00,0.05,69560
2019-02-27 00:00:00,0.055,1000
2019-02-28 00:00:00,0.05,7000
2019-03-01 00:00:00,0.045,385100
2019-03-04 00:00:00,0.045,180800
2019-03-05 00:00:00,0.04,28300
2019-03-06 00:00:00,0.045,105728
2019-03-07 00:00:00,0.04,8000
2019-03-08 00:00:00,0.04,101000
2019-03-11 00:00:00,0.04,151000
2019-03-12 00:00:00,0.04,126000
2019-03-13 00:00:00,0.04,236750
2019-03-14 00:00:00,0.04,39000
2019-03-15 00:00:00,0.04,17000
2019-03-18 00:00:00,0.04,86400
2019-03-19 00:00:00,0.04,57006
2019-03-20 00:00:00,0.04,14610
2019-03-21 00:00:00,0.045,63400
2019-03-22 00:00:00,0.04,7000
2019-03-25 00:00:00,0.04,7000
2019-03-26 00:00:00,0.04,78000
2019-03-27 00:00:00,0.04,10000
2019-03-28 00:00:00,0.04,
2019-03-29 00:00:00,0.04,9000
2019-04-01 00:00:00,0.04,14000
2019-04-02 00:00:00,0.04,48000
2019-04-03 00:00:00,0.04,181310
2019-04-04 00:00:00,0.035,54551
2019-04-05 00:00:00,0.035,20000
2019-04-08 00:00:00,0.035,
2019-04-09 00:00:00,0.035,5800
2019-04-10 00:00:00,0.04,139400
2019-04-11 00:00:00,0.04,
2019-04-12 00:00:00,0.04,36500
2019-04-15 00:00:00,0.04,26407
2019-04-16 00:00:00,0.035,2000
2019-04-17 00:00:00,0.045,1726055
2019-04-18 00:00:00,0.045,183460
2019-04-22 00:00:00,0.04,22010
2019-04-23 00:00:00,0.04,43660
2019-04-24 00:00:00,0.04,70900
2019-04-25 00:00:00,0.035,113100
2019-04-26 00:00:00,0.04,1840
2019-04-29 00:00:00,0.04,22000
2019-04-30 00:00:00,0.04,
2019-05-01 00:00:00,0.04,4000
2019-05-02 00:00:00,0.04,8900
2019-05-03 00:00:00,0.04,43800
2019-05-06 00:00:00,0.04,89100
2019-05-07 00:00:00,0.04,
2019-05-08 00:00:00,0.035,82500
2019-05-09 00:00:00,0.04,45000
2019-05-10 00:00:00,0.035,5000
2019-05-13 00:00:00,0.04,35204
2019-05-14 00:00:00,0.045,514502
2019-05-15 00:00:00,0.05,35000
2019-05-16 00:00:00,0.05,
2019-05-17 00:00:00,0.05,37000
2019-05-21 00:00:00,0.045,35683
2019-05-22 00:00:00,0.05,25000
2019-05-23 00:00:00,0.045,50000
2019-05-24 00:00:00,0.04,238000
2019-05-27 00:00:00,0.04,18000
2019-05-28 00:00:00,0.045,281898
2019-05-29 00:00:00,0.04,50375
2019-05-30 00:00:00,0.045,156300
2019-05-31 00:00:00,0.045,20000
2019-06-03 00:00:00,0.04,43315
2019-06-04 00:00:00,0.04,83000
2019-06-05 00:00:00,0.04,
2019-06-06 00:00:00,0.04,32599.999999999996
2019-06-07 00:00:00,0.04,
2019-06-10 00:00:00,0.04,
2019-06-11 00:00:00,0.035,20000
2019-06-12 00:00:00,0.035,
2019-06-13 00:00:00,0.035,
2019-06-14 00:00:00,0.035,191112
2019-06-17 00:00:00,0.045,238500
2019-06-18 00:00:00,0.035,5840
2019-06-19 00:00:00,0.04,25000
2019-06-20 00:00:00,0.04,73800
2019-06-21 00:00:00,0.035,41000
2019-06-24 00:00:00,0.035,227250
2019-06-25 00:00:00,0.035,85000
2019-06-26 00:00:00,0.035,73100
2019-06-27 00:00:00,0.04,330600
2019-06-28 00:00:00,0.04,
2019-07-02 00:00:00,0.04,33000
2019-07-03 00:00:00,0.04,8000
2019-07-04 00:00:00,0.04,
2019-07-05 00:00:00,0.035,353300
2019-07-08 00:00:00,0.035,42500
2019-07-09 00:00:00,0.035,52000
2019-07-10 00:00:00,0.035,10000
2019-07-11 00:00:00,0.035,19000
2019-07-12 00:00:00,0.03,18000
2019-07-15 00:00:00,0.035,1150
2019-07-16 00:00:00,0.035,108000
2019-07-17 00:00:00,0.035,
2019-07-18 00:00:00,0.035,64000
2019-07-19 00:00:00,0.04,39000
2019-07-22 00:00:00,0.035,11000
2019-07-23 00:00:00,0.035,
2019-07-24 00:00:00,0.035,5000
2019-07-25 00:00:00,0.035,40000
2019-07-26 00:00:00,0.035,
2019-07-29 00:00:00,0.035,14200
2019-07-30 00:00:00,0.03,2000
2019-07-31 00:00:00,0.03,28500
2019-08-01 00:00:00,0.03,18500
2019-08-02 00:00:00,0.03,60000
2019-08-06 00:00:00,0.03,
2019-08-07 00:00:00,0.03,12090
2019-08-08 00:00:00,0.03,137500
2019-08-09 00:00:00,0.03,55000
2019-08-12 00:00:00,0.03,6100
2019-08-13 00:00:00,0.03,100739
2019-08-14 00:00:00,0.03,25000
2019-08-15 00:00:00,0.025,1400
2019-08-16 00:00:00,0.025,
2019-08-19 00:00:00,0.03,93000
2019-08-20 00:00:00,0.03,
2019-08-21 00:00:00,0.03,
2019-08-22 00:00:00,0.03,
2019-08-23 00:00:00,0.03,
2019-08-26 00:00:00,0.025,60500
2019-08-27 00:00:00,0.025,58600
2019-08-28 00:00:00,0.02,121000
2019-08-29 00:00:00,0.02,29000
2019-08-30 00:00:00,0.02,30000
2019-09-03 00:00:00,0.02,9100
2019-09-04 00:00:00,0.03,24000
2019-09-05 00:00:00,0.03,
2019-09-06 00:00:00,0.025,6000
2019-09-09 00:00:00,0.025,7500
2019-09-10 00:00:00,0.025,22500
2019-09-11 00:00:00,0.025,34250
2019-09-12 00:00:00,0.025,
2019-09-13 00:00:00,0.025,15000
2019-09-16 00:00:00,0.025,36625
2019-09-17 00:00:00,0.025,
2019-09-18 00:00:00,0.025,
2019-09-19 00:00:00,0.025,
2019-09-20 00:00:00,0.025,21000
2019-09-23 00:00:00,0.02,30000
2019-09-24 00:00:00,0.03,28000
2019-09-25 00:00:00,0.025,19313
2019-09-26 00:00:00,0.025,
2019-09-27 00:00:00,0.025,
2019-09-30 00:00:00,0.025,40000
2019-10-01 00:00:00,0.03,35500
2019-10-02 00:00:00,0.03,
2019-10-03 00:00:00,0.02,21000
2019-10-04 00:00:00,0.025,5500
2019-10-07 00:00:00,0.025,15500
2019-10-08 00:00:00,0.02,9500
2019-10-09 00:00:00,0.025,190000
2019-10-10 00:00:00,0.025,
2019-10-11 00:00:00,0.025,30000
2019-10-15 00:00:00,0.025,
2019-10-16 00:00:00,0.03,7000
2019-10-17 00:00:00,0.025,19000
2019-10-18 00:00:00,0.025,15625
2019-10-21 00:00:00,0.025,5000
2019-10-22 00:00:00,0.025,10000
2019-10-23 00:00:00,0.03,27000
2019-10-24 00:00:00,0.025,62000
2019-10-25 00:00:00,0.025,32017.999999999996
2019-10-28 00:00:00,0.025,62000
2019-10-29 00:00:00,0.025,8463
2019-10-30 00:00:00,0.025,3000
2019-10-31 00:00:00,0.025,
2019-11-01 00:00:00,0.025,
2019-11-04 00:00:00,0.02,29500
2019-11-05 00:00:00,0.025,7000
2019-11-06 00:00:00,0.025,
2019-11-07 00:00:00,0.025,34800
2019-11-08 00:00:00,0.025,
2019-11-11 00:00:00,0.025,
2019-11-12 00:00:00,0.02,21000
2019-11-13 00:00:00,0.02,
2019-11-14 00:00:00,0.02,
2019-11-15 00:00:00,0.02,
2019-11-18 00:00:00,0.02,2320
2019-11-19 00:00:00,0.02,88651
2019-11-20 00:00:00,0.02,7200
2019-11-21 00:00:00,0.02,
2019-11-22 00:00:00,0.025,78000
2019-11-25 00:00:00,0.025,93000
2019-11-26 00:00:00,0.025,
2019-11-27 00:00:00,0.025,39000
2019-11-28 00:00:00,0.02,29740
2019-11-29 00:00:00,0.025,171500
2019-12-02 00:00:00,0.025,1021099.9999999999
2019-12-03 00:00:00,0.02,22800
2019-12-04 00:00:00,0.02,4000
2019-12-05 00:00:00,0.02,15549
2019-12-06 00:00:00,0.02,21000
2019-12-09 00:00:00,0.02,119750
2019-12-10 00:00:00,0.02,50000
2019-12-11 00:00:00,0.02,33000
2019-12-12 00:00:00,0.02,25000
2019-12-13 00:00:00,0.02,30000
2019-12-16 00:00:00,0.02,13500
2019-12-17 00:00:00,0.02,20000
2019-12-18 00:00:00,0.02,83400
2019-12-19 00:00:00,0.025,53000
2019-12-20 00:00:00,0.025,14500
2019-12-23 00:00:00,0.02,90050
2019-12-24 00:00:00,0.02,9999
2019-12-27 00:00:00,0.02,3300
2019-12-30 00:00:00,0.02,16780
2019-12-31 00:00:00,0.02,8000
2020-01-02 00:00:00,0.025,6400
2020-01-03 00:00:00,0.02,1000
2020-01-06 00:00:00,0.025,82500
2020-01-07 00:00:00,0.025,
2020-01-08 00:00:00,0.025,
2020-01-09 00:00:00,0.02,68850
2020-01-10 00:00:00,0.02,3000
2020-01-13 00:00:00,0.02,7500
2020-01-14 00:00:00,0.025,12300
2020-01-15 00:00:00,0.02,5000
2020-01-16 00:00:00,0.02,2000
2020-01-17 00:00:00,0.02,20000
2020-01-20 00:00:00,0.025,65600
2020-01-21 00:00:00,0.02,55000
2020-01-22 00:00:00,0.025,21000
2020-01-23 00:00:00,0.025,
2020-01-24 00:00:00,0.02,57505
2020-01-27 00:00:00,0.02,5000
2020-01-28 00:00:00,0.02,
2020-01-29 00:00:00,0.02,10000
2020-01-30 00:00:00,0.02,
2020-01-31 00:00:00,0.02,52000
2020-02-03 00:00:00,0.02,110000
2020-02-04 00:00:00,0.025,297800
2020-02-05 00:00:00,0.02,4059
2020-02-06 00:00:00,0.025,45000
2020-02-07 00:00:00,0.02,9000
2020-02-10 00:00:00,0.025,185127
2020-02-11 00:00:00,0.025,243045
2020-02-12 00:00:00,0.03,1320700
2020-02-13 00:00:00,0.035,392000
2020-02-14 00:00:00,0.03,234000
2020-02-18 00:00:00,0.035,67000
2020-02-19 00:00:00,0.035,61900
2020-02-20 00:00:00,0.035,
2020-02-21 00:00:00,0.035,
2020-02-24 00:00:00,0.035,17600
2020-02-25 00:00:00,0.025,124340
2020-02-26 00:00:00,0.025,2200
2020-02-27 00:00:00,0.025,244200
2020-02-28 00:00:00,0.02,93000
2020-03-02 00:00:00,0.02,10200
2020-03-03 00:00:00,0.02,2000
2020-03-04 00:00:00,0.02,131500
2020-03-05 00:00:00,0.025,147000
2020-03-06 00:00:00,0.025,69000
2020-03-09 00:00:00,0.025,41500
2020-03-10 00:00:00,0.02,88000
2020-03-11 00:00:00,0.02,45000
2020-03-12 00:00:00,0.02,158194
2020-03-13 00:00:00,0.015,41000
2020-03-16 00:00:00,0.02,62000
2020-03-17 00:00:00,0.02,44000
2020-03-18 00:00:00,0.02,
2020-03-19 00:00:00,0.02,26285
2020-03-20 00:00:00,0.02,
2020-03-23 00:00:00,0.02,
2020-03-24 00:00:00,0.02,4525
2020-03-25 00:00:00,0.02,
2020-03-26 00:00:00,0.02,30600
2020-03-27 00:00:00,0.02,6650
2020-03-30 00:00:00,0.02,18000
2020-03-31 00:00:00,0.02,1000
2020-04-01 00:00:00,0.02,10000
2020-04-02 00:00:00,0.02,
2020-04-03 00:00:00,0.015,13500
2020-04-06 00:00:00,0.02,52000
2020-04-07 00:00:00,0.02,39067
2020-04-08 00:00:00,0.02,
2020-04-09 00:00:00,0.02,178212
2020-04-13 00:00:00,0.02,
2020-04-14 00:00:00,0.02,23190
2020-04-15 00:00:00,0.015,5000
2020-04-16 00:00:00,0.02,240100
2020-04-17 00:00:00,0.025,411300
2020-04-20 00:00:00,0.02,53100
2020-04-21 00:00:00,0.02,8000
2020-04-22 00:00:00,0.02,452810
2020-04-23 00:00:00,0.02,8000
2020-04-24 00:00:00,0.02,
2020-04-27 00:00:00,0.025,17579
2020-04-28 00:00:00,0.025,
2020-04-29 00:00:00,0.02,20000
2020-04-30 00:00:00,0.015,7000
2020-05-01 00:00:00,0.015,110000
2020-05-04 00:00:00,0.015,
2020-05-05 00:00:00,0.015,14250
2020-05-06 00:00:00,0.02,83000
2020-05-07 00:00:00,0.02,34450
2020-05-08 00:00:00,0.02,28900
2020-05-11 00:00:00,0.02,20200
2020-05-12 00:00:00,0.015,18000
2020-05-13 00:00:00,0.02,4000
2020-05-14 00:00:00,0.02,
2020-05-15 00:00:00,0.02,55000
2020-05-19 00:00:00,0.02,5500
2020-05-20 00:00:00,0.02,25000
2020-05-21 00:00:00,0.025,594500
2020-05-22 00:00:00,0.02,263000
2020-05-25 00:00:00,0.025,144550
2020-05-26 00:00:00,0.025,12000
2020-05-27 00:00:00,0.025,43000
2020-05-28 00:00:00,0.03,242000
2020-05-29 00:00:00,0.035,15699.999999999998
2020-06-01 00:00:00,0.03,232000
2020-06-02 00:00:00,0.035,113300
2020-06-03 00:00:00,0.035,
2020-06-04 00:00:00,0.035,9000
2020-06-05 00:00:00,0.035,
2020-06-08 00:00:00,0.025,63600.00000000001
2020-06-09 00:00:00,0.025,
2020-06-10 00:00:00,0.03,1052970
2020-06-11 00:00:00,0.03,
2020-06-12 00:00:00,0.025,30200
2020-06-15 00:00:00,0.035,186000
2020-06-16 00:00:00,0.035,
2020-06-17 00:00:00,0.035,25200
2020-06-18 00:00:00,0.035,2850
2020-06-19 00:00:00,0.03,42850
2020-06-22 00:00:00,0.03,45866
2020-06-23 00:00:00,0.035,10200
2020-06-24 00:00:00,0.035,31200
2020-06-25 00:00:00,0.055,2485693
2020-06-26 00:00:00,0.04,683101
2020-06-29 00:00:00,0.035,190000
2020-06-30 00:00:00,0.035,130000
2020-07-02 00:00:00,0.035,172590
2020-07-03 00:00:00,0.03,40000
2020-07-06 00:00:00,0.03,46000
2020-07-07 00:00:00,0.03,298500
2020-07-08 00:00:00,0.03,84250
2020-07-09 00:00:00,0.03,62200
2020-07-10 00:00:00,0.03,2443
2020-07-13 00:00:00,0.025,283775
2020-07-14 00:00:00,0.03,1200
2020-07-15 00:00:00,0.03,174700
2020-07-16 00:00:00,0.03,24500
2020-07-17 00:00:00,0.035,32599.999999999996
2020-07-20 00:00:00,0.03,66700
2020-07-21 00:00:00,0.03,5000
2020-07-22 00:00:00,0.03,123800
2020-07-23 00:00:00,0.03,11000
2020-07-24 00:00:00,0.03,14000
2020-07-27 00:00:00,0.04,1221228
2020-07-28 00:00:00,0.035,186070
2020-07-29 00:00:00,0.035,24300
2020-07-30 00:00:00,0.035,
2020-07-31 00:00:00,0.035,47530
2020-08-04 00:00:00,0.04,325000
2020-08-05 00:00:00,0.04,98000
2020-08-06 00:00:00,0.04,176110
2020-08-07 00:00:00,0.045,384500
2020-08-10 00:00:00,0.04,89700
2020-08-11 00:00:00,0.04,50360
2020-08-12 00:00:00,0.04,166200
2020-08-13 00:00:00,0.035,373000
2020-08-14 00:00:00,0.035,10300
2020-08-17 00:00:00,0.035,
2020-08-18 00:00:00,0.03,273000
2020-08-19 00:00:00,0.03,21200
2020-08-20 00:00:00,0.03,454350
2020-08-21 00:00:00,0.03,17200
2020-08-24 00:00:00,0.025,31033
2020-08-25 00:00:00,0.025,
2020-08-26 00:00:00,0.025,
2020-08-27 00:00:00,0.03,27200
2020-08-28 00:00:00,0.03,121000
2020-08-31 00:00:00,0.025,3200
2020-09-01 00:00:00,0.03,52500
2020-09-02 00:00:00,0.03,
2020-09-03 00:00:00,0.03,
2020-09-04 00:00:00,0.025,47200
2020-09-08 00:00:00,0.025,117300
2020-09-09 00:00:00,0.025,65199.99999999999
2020-09-10 00:00:00,0.03,38800
2020-09-11 00:00:00,0.025,507200
2020-09-14 00:00:00,0.025,46102
2020-09-15 00:00:00,0.025,97000
2020-09-16 00:00:00,0.025,
2020-09-17 00:00:00,0.025,23200
2020-09-18 00:00:00,0.025,47700
2020-09-21 00:00:00,0.025,47300
2020-09-22 00:00:00,0.025,
2020-09-23 00:00:00,0.025,299004
2020-09-24 00:00:00,0.025,43000
2020-09-25 00:00:00,0.025,
2020-09-28 00:00:00,0.025,
2020-09-29 00:00:00,0.025,26200
2020-09-30 00:00:00,0.025,
2020-10-01 00:00:00,0.025,
2020-10-02 00:00:00,0.02,10200
2020-10-05 00:00:00,0.02,
2020-10-06 00:00:00,0.025,10200
2020-10-07 00:00:00,0.02,20200
2020-10-08 00:00:00,0.025,54200
2020-10-09 00:00:00,0.025,
2020-10-13 00:00:00,0.025,30723
2020-10-14 00:00:00,0.025,116200
2020-10-15 00:00:00,0.025,
2020-10-16 00:00:00,0.025,
2020-10-19 00:00:00,0.02,11200
2020-10-20 00:00:00,0.02,37200
2020-10-21 00:00:00,0.02,28700
2020-10-22 00:00:00,0.025,5200
2020-10-23 00:00:00,0.025,1000
2020-10-26 00:00:00,0.025,
2020-10-27 00:00:00,0.02,382700
2020-10-28 00:00:00,0.02,3700
2020-10-29 00:00:00,0.02,90200
2020-10-30 00:00:00,0.02,
2020-11-02 00:00:00,0.02,1200
2020-11-03 00:00:00,0.02,50200
2020-11-04 00:00:00,0.025,7240
2020-11-05 00:00:00,0.02,135200
2020-11-06 00:00:00,0.02,
2020-11-09 00:00:00,0.02,310200
2020-11-10 00:00:00,0.025,11200
2020-11-11 00:00:00,0.02,11200
2020-11-12 00:00:00,0.02,6200
2020-11-13 00:00:00,0.02,2200
2020-11-16 00:00:00,0.02,24200
2020-11-17 00:00:00,0.02,13175
2020-11-18 00:00:00,0.02,16200
2020-11-19 00:00:00,0.02,115012
2020-11-20 00:00:00,0.02,
2020-11-23 00:00:00,0.02,7200
2020-11-24 00:00:00,0.035,3278696
2020-11-25 00:00:00,0.035,677700
2020-11-26 00:00:00,0.03,780399
2020-11-27 00:00:00,0.03,341000
2020-11-30 00:00:00,0.04,401350
2020-12-01 00:00:00,0.035,164299
2020-12-02 00:00:00,0.035,7200
2020-12-03 00:00:00,0.03,124574
2020-12-04 00:00:00,0.035,24200
2020-12-07 00:00:00,0.04,145950
2020-12-08 00:00:00,0.04,287088
2020-12-09 00:00:00,0.035,313700
2020-12-10 00:00:00,0.035,237830
2020-12-11 00:00:00,0.045,463860
2020-12-14 00:00:00,0.045,192200
2020-12-15 00:00:00,0.045,7700
2020-12-16 00:00:00,0.055,801363
2020-12-17 00:00:00,0.09,5688910
2020-12-18 00:00:00,0.07,2884679
2020-12-21 00:00:00,0.06,1229000
2020-12-22 00:00:00,0.085,1502719
2020-12-23 00:00:00,0.105,4648473
2020-12-24 00:00:00,0.1,915073
2020-12-29 00:00:00,0.1,1748936
2020-12-30 00:00:00,0.09,495066
2020-12-31 00:00:00,0.085,171228
2021-01-04 00:00:00,0.1,602931
2021-01-05 00:00:00,0.095,334778
2021-01-06 00:00:00,0.08,779914
2021-01-07 00:00:00,0.08,771968
2021-01-08 00:00:00,0.075,568080
2021-01-11 00:00:00,0.075,264076
2021-01-12 00:00:00,0.08,267611
2021-01-13 00:00:00,0.075,323935
2021-01-14 00:00:00,0.06,1188610
2021-01-15 00:00:00,0.06,214638
2021-01-18 00:00:00,0.06,95555
2021-01-19 00:00:00,0.06,112215
2021-01-20 00:00:00,0.06,169873
2021-01-21 00:00:00,0.05,592213
2021-01-22 00:00:00,0.06,130428.99999999999
2021-01-25 00:00:00,0.05,260950.00000000003
2021-01-26 00:00:00,0.05,312222
2021-01-27 00:00:00,0.05,112118
2021-01-28 00:00:00,0.05,49300
2021-01-29 00:00:00,0.05,28570
2021-02-01 00:00:00,0.05,40038
2021-02-02 00:00:00,0.055,221277
2021-02-03 00:00:00,0.07,682150
2021-02-04 00:00:00,0.06,152919
2021-02-05 00:00:00,0.06,201810
2021-02-08 00:00:00,0.07,666906
2021-02-09 00:00:00,0.07,299880
2021-02-10 00:00:00,0.065,110400
2021-02-11 00:00:00,0.07,169400
2021-02-12 00:00:00,0.07,125640
2021-02-16 00:00:00,0.08,391917
2021-02-17 00:00:00,0.075,383934
2021-02-18 00:00:00,0.075,38400
2021-02-19 00:00:00,0.13,13748310
2021-02-22 00:00:00,0.18,7719236
2021-02-23 00:00:00,0.16,4418604
2021-02-24 00:00:00,0.15,2095850
2021-02-25 00:00:00,0.145,1391616
2021-02-26 00:00:00,0.14,1286323
2021-03-01 00:00:00,0.15,1550933
2021-03-02 00:00:00,0.14,246972
2021-03-03 00:00:00,0.13,384995
2021-03-04 00:00:00,0.1,707415
2021-03-05 00:00:00,0.11,734374
2021-03-08 00:00:00,0.11,547007
2021-03-09 00:00:00,0.125,1401442
2021-03-10 00:00:00,0.125,1121710
2021-03-11 00:00:00,0.115,238910
2021-03-12 00:00:00,0.11,111332
2021-03-15 00:00:00,0.105,177162
2021-03-16 00:00:00,0.105,122610
2021-03-17 00:00:00,0.125,1006162.9999999999
2021-03-18 00:00:00,0.11,1149921
2021-03-19 00:00:00,0.12,33600
2021-03-22 00:00:00,0.11,55852
2021-03-23 00:00:00,0.11,628599
2021-03-24 00:00:00,0.1,186033
2021-03-25 00:00:00,0.095,145220
2021-03-26 00:00:00,0.095,78580
2021-03-29 00:00:00,0.1,160530
2021-03-30 00:00:00,0.095,65210.00000000001
2021-03-31 00:00:00,0.095,123285
2021-04-01 00:00:00,0.1,101924
2021-04-05 00:00:00,0.095,24630
2021-04-06 00:00:00,0.09,48757
2021-04-07 00:00:00,0.095,7414
2021-04-08 00:00:00,0.09,107082
2021-04-09 00:00:00,0.095,499172
2021-04-12 00:00:00,0.115,996386
2021-04-13 00:00:00,0.105,760465
2021-04-14 00:00:00,0.135,3098955
2021-04-15 00:00:00,0.125,447566
2021-04-16 00:00:00,0.12,536024
2021-04-19 00:00:00,0.115,210531
2021-04-20 00:00:00,0.11,122464
2021-04-21 00:00:00,0.105,148046
2021-04-22 00:00:00,0.105,61310
2021-04-23 00:00:00,0.095,478425
2021-04-26 00:00:00,0.105,132750
2021-04-27 00:00:00,0.12,155030
2021-04-28 00:00:00,0.115,87530
2021-04-29 00:00:00,0.11,114825
2021-04-30 00:00:00,0.11,28000
2021-05-03 00:00:00,0.105,27880
2021-05-04 00:00:00,0.105,125030
2021-05-05 00:00:00,0.105,24530
2021-05-06 00:00:00,0.1,34030
2021-05-07 00:00:00,0.1,18800
2021-05-10 00:00:00,0.105,53000
2021-05-11 00:00:00,0.105,
2021-05-12 00:00:00,0.1,6622
2021-05-13 00:00:00,0.095,31097
2021-05-14 00:00:00,0.095,76159
2021-05-17 00:00:00,0.1,18530
2021-05-18 00:00:00,0.1,49530
2021-05-19 00:00:00,0.09,24885
2021-05-20 00:00:00,0.095,35133
2021-05-21 00:00:00,0.09,102030
2021-05-25 00:00:00,0.08,268741
2021-05-26 00:00:00,0.08,11370
2021-05-27 00:00:00,0.08,150500
2021-05-28 00:00:00,0.08,53030
2021-05-31 00:00:00,0.08,62275
2021-06-01 00:00:00,0.09,77984
2021-06-02 00:00:00,0.09,18800
2021-06-03 00:00:00,0.095,58050
2021-06-04 00:00:00,0.085,6500
2021-06-07 00:00:00,0.085,1090
2021-06-08 00:00:00,0.085,35349
2021-06-09 00:00:00,0.085,63280
2021-06-10 00:00:00,0.08,2130
2021-06-11 00:00:00,0.095,49330
2021-06-14 00:00:00,0.085,22338
2021-06-15 00:00:00,0.09,18620
2021-06-16 00:00:00,0.09,6540
2021-06-17 00:00:00,0.08,9220
2021-06-18 00:00:00,0.085,21515
2021-06-21 00:00:00,0.085,12515
2021-06-22 00:00:00,0.08,1436
2021-06-23 00:00:00,0.075,236024
2021-06-24 00:00:00,0.075,55324
2021-06-25 00:00:00,0.065,111504
2021-06-28 00:00:00,0.07,2004.0000000000002
2021-06-29 00:00:00,0.07,161429
2021-06-30 00:00:00,0.07,16303.999999999998
2021-07-02 00:00:00,0.07,26504
2021-07-05 00:00:00,0.07,9003
2021-07-06 00:00:00,0.07,2250
2021-07-07 00:00:00,0.065,1000
2021-07-08 00:00:00,0.065,
2021-07-09 00:00:00,0.075,173000
2021-07-12 00:00:00,0.075,1000
2021-07-13 00:00:00,0.075,39780
2021-07-14 00:00:00,0.075,
2021-07-15 00:00:00,0.075,18292
2021-07-16 00:00:00,0.08,18400
2021-07-19 00:00:00,0.065,5200
2021-07-20 00:00:00,0.065,
2021-07-21 00:00:00,0.07,16000
2021-07-22 00:00:00,0.07,
2021-07-23 00:00:00,0.07,
2021-07-26 00:00:00,0.07,
2021-07-27 00:00:00,0.08,10000
2021-07-28 00:00:00,0.08,
2021-07-29 00:00:00,0.065,20500
2021-07-30 00:00:00,0.07,28000
2021-08-03 00:00:00,0.08,85273
2021-08-04 00:00:00,0.065,7000
2021-08-05 00:00:00,0.08,80500
2021-08-06 00:00:00,0.065,10000
2021-08-09 00:00:00,0.08,33000
2021-08-10 00:00:00,0.08,16004
2021-08-11 00:00:00,0.07,40500
2021-08-12 00:00:00,0.07,
2021-08-13 00:00:00,0.08,9500
2021-08-16 00:00:00,0.08,157750
2021-08-17 00:00:00,0.07,189741
2021-08-18 00:00:00,0.07,
2021-08-19 00:00:00,0.07,8500
2021-08-20 00:00:00,0.07,5000
2021-08-23 00:00:00,0.07,8000
2021-08-24 00:00:00,0.065,51000
2021-08-25 00:00:00,0.075,32000
2021-08-26 00:00:00,0.075,
2021-08-27 00:00:00,0.075,1000
2021-08-30 00:00:00,0.07,4000
2021-08-31 00:00:00,0.07,
2021-09-01 00:00:00,0.065,1500
2021-09-02 00:00:00,0.07,21423
2021-09-03 00:00:00,0.08,57000
2021-09-07 00:00:00,0.08,138100
2021-09-08 00:00:00,0.08,91000
2021-09-09 00:00:00,0.075,13200
2021-09-10 00:00:00,0.075,28000
2021-09-13 00:00:00,0.08,75250
2021-09-14 00:00:00,0.09,253224.99999999997
2021-09-15 00:00:00,0.085,233825
2021-09-16 00:00:00,0.085,80000
2021-09-17 00:00:00,0.09,273900
2021-09-20 00:00:00,0.08,238800
2021-09-21 00:00:00,0.095,455079
2021-09-22 00:00:00,0.09,98000
2021-09-23 00:00:00,0.09,172000
2021-09-24 00:00:00,0.085,118000
2021-09-27 00:00:00,0.09,23157
2021-09-28 00:00:00,0.08,12700
2021-09-29 00:00:00,0.075,238500
2021-09-30 00:00:00,0.075,154000
2021-10-01 00:00:00,0.075,
2021-10-04 00:00:00,0.07,6750
2021-10-05 00:00:00,0.08,52000
2021-10-06 00:00:00,0.075,96000
2021-10-07 00:00:00,0.07,27566
2021-10-08 00:00:00,0.07,4291
2021-10-12 00:00:00,0.07,5000
2021-10-13 00:00:00,0.07,17000
2021-10-14 00:00:00,0.07,38600
2021-10-15 00:00:00,0.08,153000
2021-10-18 00:00:00,0.075,5000
2021-10-19 00:00:00,0.07,22730
2021-10-20 00:00:00,0.08,57200
2021-10-21 00:00:00,0.08,103510
2021-10-22 00:00:00,0.085,58000
2021-10-25 00:00:00,0.075,184000
2021-10-26 00:00:00,0.07,20224
2021-10-27 00:00:00,0.065,305388
2021-10-28 00:00:00,0.07,214675
2021-10-29 00:00:00,0.07,29800
2021-11-01 00:00:00,0.065,210224
2021-11-02 00:00:00,0.06,403607
2021-11-03 00:00:00,0.06,176500
2021-11-04 00:00:00,0.065,23000
2021-11-05 00:00:00,0.06,103776
2021-11-08 00:00:00,0.06,35950
2021-11-09 00:00:00,0.065,165700
2021-11-10 00:00:00,0.065,183181
2021-11-11 00:00:00,0.065,108000
2021-11-12 00:00:00,0.065,5520
2021-11-15 00:00:00,0.065,12000
2021-11-16 00:00:00,0.065,34000
2021-11-17 00:00:00,0.065,98906
2021-11-18 00:00:00,0.06,243000
2021-11-19 00:00:00,0.06,3000
2021-11-22 00:00:00,0.06,36000
2021-11-23 00:00:00,0.06,4600
2021-11-24 00:00:00,0.05,39000
2021-11-25 00:00:00,0.05,
2021-11-26 00:00:00,0.05,1000
2021-11-29 00:00:00,0.05,
2021-11-30 00:00:00,0.05,4000
2021-12-01 00:00:00,0.05,66000
2021-12-02 00:00:00,0.05,99950
2021-12-03 00:00:00,0.05,37650
2021-12-06 00:00:00,0.045,76000
2021-12-07 00:00:00,0.04,54600
2021-12-08 00:00:00,0.04,38500
2021-12-09 00:00:00,0.04,16200
2021-12-10 00:00:00,0.04,294000
2021-12-13 00:00:00,0.04,15000
2021-12-14 00:00:00,0.04,30000
2021-12-15 00:00:00,0.035,18000
2021-12-16 00:00:00,0.035,19000
2021-12-17 00:00:00,0.035,2500
2021-12-20 00:00:00,0.04,15000
2021-12-21 00:00:00,0.035,9000
2021-12-22 00:00:00,0.035,189000
2021-12-23 00:00:00,0.035,23300
2021-12-24 00:00:00,0.04,2600
2021-12-29 00:00:00,0.035,94100
2021-12-30 00:00:00,0.04,62495
2021-12-31 00:00:00,0.035,37089
2022-01-04 00:00:00,0.035,27649
2022-01-05 00:00:00,0.04,347346
2022-01-06 00:00:00,0.04,12633
2022-01-07 00:00:00,0.06,157053
2022-01-10 00:00:00,0.055,176743
2022-01-11 00:00:00,0.06,47000
2022-01-12 00:00:00,0.055,10000
2022-01-13 00:00:00,0.055,62750
2022-01-14 00:00:00,0.055,163000
2022-01-17 00:00:00,0.055,280250
2022-01-18 00:00:00,0.06,41200
2022-01-19 00:00:00,0.05,246500
2022-01-20 00:00:00,0.045,18580
2022-01-21 00:00:00,0.05,45100
2022-01-24 00:00:00,0.045,32000
2022-01-25 00:00:00,0.065,223900
2022-01-26 00:00:00,0.05,147100
2022-01-27 00:00:00,0.05,2424
2022-01-28 00:00:00,0.055,16463
2022-01-31 00:00:00,0.055,35400
2022-02-01 00:00:00,0.055,
2022-02-02 00:00:00,0.055,16000
2022-02-03 00:00:00,0.065,163100
2022-02-04 00:00:00,0.065,21100
2022-02-07 00:00:00,0.065,
2022-02-08 00:00:00,0.055,123000
2022-02-09 00:00:00,0.055,40174
2022-02-10 00:00:00,0.055,
2022-02-11 00:00:00,0.055,20000
2022-02-14 00:00:00,0.05,83424
2022-02-15 00:00:00,0.06,70000
2022-02-16 00:00:00,0.06,47110
2022-02-17 00:00:00,0.06,
2022-02-18 00:00:00,0.055,4000
2022-02-22 00:00:00,0.05,241500
2022-02-23 00:00:00,0.05,2000
2022-02-24 00:00:00,0.05,48332
2022-02-25 00:00:00,0.05,
2022-02-28 00:00:00,0.05,
2022-03-01 00:00:00,0.05,108000
2022-03-02 00:00:00,0.06,11000
2022-03-03 00:00:00,0.06,
2022-03-04 00:00:00,0.06,
2022-03-07 00:00:00,0.045,162000
2022-03-08 00:00:00,0.05,191800
2022-03-09 00:00:00,0.05,51000
2022-03-10 00:00:00,0.055,960640
2022-03-11 00:00:00,0.05,264000
2022-03-14 00:00:00,0.045,46000
2022-03-15 00:00:00,0.045,84000
2022-03-16 00:00:00,0.045,
2022-03-17 00:00:00,0.05,43049
2022-03-18 00:00:00,0.05,123000
2022-03-21 00:00:00,0.05,179003
2022-03-22 00:00:00,0.05,50000
2022-03-23 00:00:00,0.05,20653
2022-03-24 00:00:00,0.05,
2022-03-25 00:00:00,0.05,
2022-03-28 00:00:00,0.05,
2022-03-29 00:00:00,0.045,138060
2022-03-30 00:00:00,0.045,15000
2022-03-31 00:00:00,0.045,
2022-04-01 00:00:00,0.05,121200
2022-04-04 00:00:00,0.05,54000
2022-04-05 00:00:00,0.05,10000
2022-04-06 00:00:00,0.045,13070
2022-04-07 00:00:00,0.045,
2022-04-08 00:00:00,0.045,6000
2022-04-11 00:00:00,0.045,69400
2022-04-12 00:00:00,0.045,
2022-04-13 00:00:00,0.045,5500
2022-04-14 00:00:00,0.04,208060
2022-04-18 00:00:00,0.04,35418
2022-04-19 00:00:00,0.04,
2022-04-20 00:00:00,0.04,
2022-04-21 00:00:00,0.04,86000
2022-04-22 00:00:00,0.04,119000
2022-04-25 00:00:00,0.04,
2022-04-26 00:00:00,0.035,108176
2022-04-27 00:00:00,0.035,10000
2022-04-28 00:00:00,0.035,
2022-04-29 00:00:00,0.035,184000
2022-05-02 00:00:00,0.04,50000
2022-05-03 00:00:00,0.035,4809
2022-05-04 00:00:00,0.03,17080
2022-05-05 00:00:00,0.03,
2022-05-06 00:00:00,0.03,
2022-05-09 00:00:00,0.03,
2022-05-10 00:00:00,0.03,
2022-05-11 00:00:00,0.03,73000
2022-05-12 00:00:00,0.03,
2022-05-13 00:00:00,0.03,152110
2022-05-16 00:00:00,0.03,50000
2022-05-17 00:00:00,0.03,
2022-05-18 00:00:00,0.035,35000
2022-05-19 00:00:00,0.03,8900
2022-05-20 00:00:00,0.03,310100
2022-05-24 00:00:00,0.03,33484
2022-05-25 00:00:00,0.03,
2022-05-26 00:00:00,0.025,71990
2022-05-27 00:00:00,0.03,49000
2022-05-30 00:00:00,0.045,1019500.0000000001
2022-05-31 00:00:00,0.035,232500
2022-06-01 00:00:00,0.035,17000
2022-06-02 00:00:00,0.04,170000
2022-06-03 00:00:00,0.04,101005
2022-06-06 00:00:00,0.04,2103
2022-06-07 00:00:00,0.04,
2022-06-08 00:00:00,0.04,12000
2022-06-09 00:00:00,0.04,68500
2022-06-10 00:00:00,0.035,1000
2022-06-13 00:00:00,0.035,10000
2022-06-14 00:00:00,0.035,
2022-06-15 00:00:00,0.035,
2022-06-16 00:00:00,0.035,17200
2022-06-17 00:00:00,0.035,
2022-06-20 00:00:00,0.035,
2022-06-21 00:00:00,0.035,
2022-06-22 00:00:00,0.035,
2022-06-23 00:00:00,0.035,10000
2022-06-24 00:00:00,0.035,110100
2022-06-27 00:00:00,0.035,20001
2022-06-28 00:00:00,0.035,7000
2022-06-29 00:00:00,0.03,1000
2022-06-30 00:00:00,0.04,75000
2022-07-04 00:00:00,0.04,4498
2022-07-05 00:00:00,0.04,
2022-07-06 00:00:00,0.04,6000
2022-07-07 00:00:00,0.04,
2022-07-08 00:00:00,0.04,
2022-07-11 00:00:00,0.04,
2022-07-12 00:00:00,0.04,
2022-07-13 00:00:00,0.03,48000
2022-07-14 00:00:00,0.03,15000
2022-07-15 00:00:00,0.03,
2022-07-18 00:00:00,0.03,
2022-07-19 00:00:00,0.03,
2022-07-20 00:00:00,0.04,14500
2022-07-21 00:00:00,0.04,
2022-07-22 00:00:00,0.04,94926
2022-07-25 00:00:00,0.04,8686
2022-07-26 00:00:00,0.04,
2022-07-27 00:00:00,0.045,2000
2022-07-28 00:00:00,0.045,
2022-07-29 00:00:00,0.03,104580
2022-08-02 00:00:00,0.035,14100
2022-08-03 00:00:00,0.03,4035.0000000000005
2022-08-04 00:00:00,0.03,
2022-08-05 00:00:00,0.03,
2022-08-08 00:00:00,0.03,6000
2022-08-09 00:00:00,0.035,38000
2022-08-10 00:00:00,0.04,40000
2022-08-11 00:00:00,0.03,4506
2022-08-12 00:00:00,0.03,
2022-08-15 00:00:00,0.03,
2022-08-16 00:00:00,0.03,
2022-08-17 00:00:00,0.04,51500
2022-08-18 00:00:00,0.035,31000
2022-08-19 00:00:00,0.035,
2022-08-22 00:00:00,0.035,3000
2022-08-23 00:00:00,0.035,
2022-08-24 00:00:00,0.03,1250
2022-08-25 00:00:00,0.03,
2022-08-26 00:00:00,0.03,3000
2022-08-29 00:00:00,0.035,7500
2022-08-30 00:00:00,0.035,2500
2022-08-31 00:00:00,0.03,13000
2022-09-01 00:00:00,0.03,
2022-09-02 00:00:00,0.03,
2022-09-06 00:00:00,0.03,20000
2022-09-07 00:00:00,0.03,26802
2022-09-08 00:00:00,0.03,
2022-09-09 00:00:00,0.03,
2022-09-12 00:00:00,0.03,59000
2022-09-13 00:00:00,0.03,
2022-09-14 00:00:00,0.03,30000
2022-09-15 00:00:00,0.025,10100
2022-09-16 00:00:00,0.025,
2022-09-19 00:00:00,0.025,
2022-09-20 00:00:00,0.025,8000
2022-09-21 00:00:00,0.025,21710
2022-09-22 00:00:00,0.03,25500
2022-09-23 00:00:00,0.03,1500
2022-09-26 00:00:00,0.025,1216
2022-09-27 00:00:00,0.025,
2022-09-28 00:00:00,0.025,68000
2022-09-29 00:00:00,0.025,70000
2022-09-30 00:00:00,0.025,
2022-10-03 00:00:00,0.025,44001
2022-10-04 00:00:00,0.025,20000
2022-10-05 00:00:00,0.025,35000
2022-10-06 00:00:00,0.025,
2022-10-07 00:00:00,0.025,
2022-10-11 00:00:00,0.025,
2022-10-12 00:00:00,0.025,1000
2022-10-13 00:00:00,0.025,
2022-10-14 00:00:00,0.02,160000
2022-10-17 00:00:00,0.025,20000
2022-10-18 00:00:00,0.02,14000
2022-10-19 00:00:00,0.025,1200
2022-10-20 00:00:00,0.025,
2022-10-21 00:00:00,0.025,
2022-10-24 00:00:00,0.025,
2022-10-25 00:00:00,0.025,
2022-10-26 00:00:00,0.02,1200
2022-10-27 00:00:00,0.02,
2022-10-28 00:00:00,0.02,
2022-10-31 00:00:00,0.02,41789
2022-11-01 00:00:00,0.02,
2022-11-02 00:00:00,0.02,
2022-11-03 00:00:00,0.02,
2022-11-04 00:00:00,0.02,
2022-11-07 00:00:00,0.02,
2022-11-08 00:00:00,0.02,235000
2022-11-09 00:00:00,0.02,361776
2022-11-10 00:00:00,0.02,100000
2022-11-11 00:00:00,0.02,3636
2022-11-14 00:00:00,0.02,
2022-11-15 00:00:00,0.02,371000
2022-11-16 00:00:00,0.02,
2022-11-17 00:00:00,0.02,221900
2022-11-18 00:00:00,0.02,10000
2022-11-21 00:00:00,0.015,180502
2022-11-22 00:00:00,0.015,
2022-11-23 00:00:00,0.02,222000
2022-11-24 00:00:00,0.02,125085
2022-11-25 00:00:00,0.02,1990
2022-11-28 00:00:00,0.02,1900
2022-11-29 00:00:00,0.02,4000
2022-11-30 00:00:00,0.02,
2022-12-01 00:00:00,0.02,
2022-12-02 00:00:00,0.02,16000
2022-12-05 00:00:00,0.02,14116
2022-12-06 00:00:00,0.02,61258
2022-12-07 00:00:00,0.02,
2022-12-08 00:00:00,0.02,
2022-12-09 00:00:00,0.02,
2022-12-12 00:00:00,0.02,
2022-12-13 00:00:00,0.02,
2022-12-14 00:00:00,0.02,
2022-12-15 00:00:00,0.02,20500
2022-12-16 00:00:00,0.02,6000
2022-12-19 00:00:00,0.025,32700
2022-12-20 00:00:00,0.025,
2022-12-21 00:00:00,0.025,
2022-12-22 00:00:00,0.025,
2022-12-23 00:00:00,0.025,
2022-12-28 00:00:00,0.02,46004
2022-12-29 00:00:00,0.02,
2022-12-30 00:00:00,0.02,22116
2023-01-03 00:00:00,0.025,11000
2023-01-04 00:00:00,0.025,
2023-01-05 00:00:00,0.02,38030
2023-01-06 00:00:00,0.02,
2023-01-09 00:00:00,0.02,1115
2023-01-10 00:00:00,0.025,148900
2023-01-11 00:00:00,0.025,
2023-01-12 00:00:00,0.03,49098
2023-01-13 00:00:00,0.03,
2023-01-16 00:00:00,0.03,3013
2023-01-17 00:00:00,0.025,2000
2023-01-18 00:00:00,0.03,40200
2023-01-19 00:00:00,0.025,6423
2023-01-20 00:00:00,0.025,30500
2023-01-23 00:00:00,0.025,2000
2023-01-24 00:00:00,0.025,
2023-01-25 00:00:00,0.025,18175
2023-01-26 00:00:00,0.02,11000
2023-01-27 00:00:00,0.02,1250
2023-01-30 00:00:00,0.02,6100
2023-01-31 00:00:00,0.025,42000
2023-02-01 00:00:00,0.025,
2023-02-02 00:00:00,0.02,26460
2023-02-03 00:00:00,0.03,5250
2023-02-06 00:00:00,0.025,42000
2023-02-07 00:00:00,0.03,1000
2023-02-08 00:00:00,0.03,
2023-02-09 00:00:00,0.03,
2023-02-10 00:00:00,0.03,
2023-02-13 00:00:00,0.025,27000
2023-02-14 00:00:00,0.025,21000
2023-02-15 00:00:00,0.025,31000
2023-02-16 00:00:00,0.03,1500
2023-02-17 00:00:00,0.03,
2023-02-21 00:00:00,0.02,14260
2023-02-22 00:00:00,0.02,5000
2023-02-23 00:00:00,0.02,
2023-02-24 00:00:00,0.03,20200
2023-02-27 00:00:00,0.03,100000
2023-02-28 00:00:00,0.03,
2023-03-01 00:00:00,0.03,
2023-03-02 00:00:00,0.03,
2023-03-03 00:00:00,0.025,21100
2023-03-06 00:00:00,0.025,7800
2023-03-07 00:00:00,0.025,
2023-03-08 00:00:00,0.03,52000
2023-03-09 00:00:00,0.03,
2023-03-10 00:00:00,0.03,
2023-03-13 00:00:00,0.025,3000
2023-03-14 00:00:00,0.025,20000
2023-03-15 00:00:00,0.025,9000
2023-03-16 00:00:00,0.025,
2023-03-17 00:00:00,0.025,2000
2023-03-20 00:00:00,0.025,10000
2023-03-21 00:00:00,0.02,6500
2023-03-22 00:00:00,0.02,
2023-03-23 00:00:00,0.03,35000
2023-03-24 00:00:00,0.025,152825
2023-03-27 00:00:00,0.025,5000
2023-03-28 00:00:00,0.025,
2023-03-29 00:00:00,0.025,
2023-03-30 00:00:00,0.025,
2023-03-31 00:00:00,0.025,
2023-04-03 00:00:00,0.02,6000
2023-04-04 00:00:00,0.025,9000
2023-04-05 00:00:00,0.025,
2023-04-06 00:00:00,0.03,2000
2023-04-10 00:00:00,0.03,
2023-04-11 00:00:00,0.025,21000
2023-04-12 00:00:00,0.03,1000
2023-04-13 00:00:00,0.02,12000
2023-04-14 00:00:00,0.03,6000
2023-04-17 00:00:00,0.025,1000
2023-04-18 00:00:00,0.025,2500
2023-04-19 00:00:00,0.025,22654
2023-04-20 00:00:00,0.025,4000
2023-04-21 00:00:00,0.03,98000
2023-04-24 00:00:00,0.025,4000
2023-04-25 00:00:00,0.025,11000
2023-04-26 00:00:00,0.025,33000
2023-04-27 00:00:00,0.025,2000
2023-04-28 00:00:00,0.025,36000
2023-05-01 00:00:00,0.025,48000
2023-05-02 00:00:00,0.02,3030
2023-05-03 00:00:00,0.03,23800
2023-05-04 00:00:00,0.03,260000
2023-05-05 00:00:00,0.03,3000
2023-05-08 00:00:00,0.03,25200
2023-05-09 00:00:00,0.03,14000
2023-05-10 00:00:00,0.025,32000
2023-05-11 00:00:00,0.025,
2023-05-12 00:00:00,0.025,60000
2023-05-15 00:00:00,0.025,12000
2023-05-16 00:00:00,0.025,
2023-05-17 00:00:00,0.03,9000
2023-05-18 00:00:00,0.025,10000
2023-05-19 00:00:00,0.025,16500
2023-05-23 00:00:00,0.025,1000
2023-05-24 00:00:00,0.025,81000
2023-05-25 00:00:00,0.025,
2023-05-26 00:00:00,0.025,1000
2023-05-29 00:00:00,0.035,38800
2023-05-30 00:00:00,0.03,50000
2023-05-31 00:00:00,0.03,3000
2023-06-01 00:00:00,0.03,1000
2023-06-02 00:00:00,0.025,65000
2023-06-05 00:00:00,0.025,54000
2023-06-06 00:00:00,0.025,48000
2023-06-07 00:00:00,0.025,10000
2023-06-08 00:00:00,0.025,1000
2023-06-09 00:00:00,0.025,
2023-06-12 00:00:00,0.025,27000
2023-06-13 00:00:00,0.025,128500
2023-06-14 00:00:00,0.03,2000
2023-06-15 00:00:00,0.03,
2023-06-16 00:00:00,0.025,5000
2023-06-19 00:00:00,0.025,42000
2023-06-20 00:00:00,0.025,4000
2023-06-21 00:00:00,0.025,
2023-06-22 00:00:00,0.02,15000
2023-06-23 00:00:00,0.02,13100
2023-06-26 00:00:00,0.025,24000
2023-06-27 00:00:00,0.025,
2023-06-28 00:00:00,0.025,18010
2023-06-29 00:00:00,0.025,12000
2023-06-30 00:00:00,0.025,2000
2023-07-04 00:00:00,0.025,
2023-07-05 00:00:00,0.025,3000
2023-07-06 00:00:00,0.025,
2023-07-07 00:00:00,0.025,
2023-07-10 00:00:00,0.025,1230
2023-07-11 00:00:00,0.025,
2023-07-12 00:00:00,0.025,1000
2023-07-13 00:00:00,0.025,12100
2023-07-14 00:00:00,0.025,1100
2023-07-17 00:00:00,0.025,
2023-07-18 00:00:00,0.025,2000
2023-07-19 00:00:00,0.025,34000
2023-07-20 00:00:00,0.025,
2023-07-21 00:00:00,0.025,32000
2023-07-24 00:00:00,0.025,1000
2023-07-25 00:00:00,0.025,
2023-07-26 00:00:00,0.025,
2023-07-27 00:00:00,0.025,2500
2023-07-28 00:00:00,0.02,190500
2023-07-31 00:00:00,0.02,13000
2023-08-01 00:00:00,0.02,
2023-08-02 00:00:00,0.02,
2023-08-03 00:00:00,0.02,
2023-08-04 00:00:00,0.02,
2023-08-08 00:00:00,0.02,
2023-08-09 00:00:00,0.02,6000
2023-08-10 00:00:00,0.02,
2023-08-11 00:00:00,0.02,105000
2023-08-14 00:00:00,0.02,1000
2023-08-15 00:00:00,0.02,129500
2023-08-16 00:00:00,0.02,
2023-08-17 00:00:00,0.02,1000
2023-08-18 00:00:00,0.02,15000
2023-08-21 00:00:00,0.02,
2023-08-22 00:00:00,0.02,
2023-08-23 00:00:00,0.02,
2023-08-24 00:00:00,0.02,3739
2023-08-25 00:00:00,0.025,25000
2023-08-28 00:00:00,0.025,
2023-08-29 00:00:00,0.02,55000
2023-08-30 00:00:00,0.02,20000
2023-08-31 00:00:00,0.02,
2023-09-01 00:00:00,0.02,15600
2023-09-05 00:00:00,0.02,53000
2023-09-06 00:00:00,0.02,
2023-09-07 00:00:00,0.02,5000
2023-09-08 00:00:00,0.02,8470
2023-09-11 00:00:00,0.02,
2023-09-12 00:00:00,0.02,4000
2023-09-13 00:00:00,0.02,43000
2023-09-14 00:00:00,0.02,8000
2023-09-15 00:00:00,0.02,
2023-09-18 00:00:00,0.02,
2023-09-19 00:00:00,0.015,7000
2023-09-20 00:00:00,0.015,
2023-09-21 00:00:00,0.015,
2023-09-22 00:00:00,0.02,37000
2023-09-25 00:00:00,0.02,106000
2023-09-26 00:00:00,0.02,
2023-09-27 00:00:00,0.02,2000
2023-09-28 00:00:00,0.02,
2023-09-29 00:00:00,0.02,
2023-10-02 00:00:00,0.02,
2023-10-03 00:00:00,0.02,5000
2023-10-04 00:00:00,0.025,104000
2023-10-05 00:00:00,0.025,1000
2023-10-06 00:00:00,0.02,1800
2023-10-10 00:00:00,0.025,10000
2023-10-11 00:00:00,0.025,
2023-10-12 00:00:00,0.025,22000
2023-10-13 00:00:00,0.02,37000
2023-10-16 00:00:00,0.02,85000
2023-10-17 00:00:00,0.02,
2023-10-18 00:00:00,0.035,811100
2023-10-19 00:00:00,0.04,634012
2023-10-20 00:00:00,0.035,8000
2023-10-23 00:00:00,0.035,132187
2023-10-24 00:00:00,0.035,50000
2023-10-25 00:00:00,0.035,13000
2023-10-26 00:00:00,0.035,
2023-10-27 00:00:00,0.03,9000
2023-10-30 00:00:00,0.03,17000
2023-10-31 00:00:00,0.03,
2023-11-01 00:00:00,0.03,4500
2023-11-02 00:00:00,0.03,20000
2023-11-03 00:00:00,0.03,3000
2023-11-06 00:00:00,0.035,26500
2023-11-07 00:00:00,0.035,6000
2023-11-08 00:00:00,0.035,33000
2023-11-09 00:00:00,0.045,178000
2023-11-10 00:00:00,0.04,3500
2023-11-13 00:00:00,0.035,14580
2023-11-14 00:00:00,0.035,
2023-11-15 00:00:00,0.035,
2023-11-16 00:00:00,0.035,5000
2023-11-17 00:00:00,0.035,1000
2023-11-20 00:00:00,0.035,
2023-11-21 00:00:00,0.035,
2023-11-22 00:00:00,0.035,
2023-11-23 00:00:00,0.035,
2023-11-24 00:00:00,0.035,
2023-11-27 00:00:00,0.035,
2023-11-28 00:00:00,0.035,22000
2023-11-29 00:00:00,0.035,33000
2023-11-30 00:00:00,0.03,151000
2023-12-01 00:00:00,0.03,
2023-12-04 00:00:00,0.03,24000
2023-12-05 00:00:00,0.03,2000
2023-12-06 00:00:00,0.03,
2023-12-07 00:00:00,0.025,67700
2023-12-08 00:00:00,0.03,6000
2023-12-11 00:00:00,0.03,30012
2023-12-12 00:00:00,0.035,1000
2023-12-13 00:00:00,0.03,39000
2023-12-14 00:00:00,0.035,1000
2023-12-15 00:00:00,0.035,51000
2023-12-18 00:00:00,0.035,46000
2023-12-19 00:00:00,0.04,1000
2023-12-20 00:00:00,0.035,51000
2023-12-21 00:00:00,0.035,28342
2023-12-22 00:00:00,0.04,111000
2023-12-27 00:00:00,0.04,16990
2023-12-28 00:00:00,0.04,9000
2023-12-29 00:00:00,0.04,21800
2024-01-02 00:00:00,0.04,6600
2024-01-03 00:00:00,0.045,12721
2024-01-04 00:00:00,0.05,133900
2024-01-05 00:00:00,0.045,118000
2024-01-08 00:00:00,0.05,111500
2024-01-09 00:00:00,0.045,18064
2024-01-10 00:00:00,0.04,29800
2024-01-11 00:00:00,0.035,292400
2024-01-12 00:00:00,0.035,46000
2024-01-15 00:00:00,0.035,84517
2024-01-16 00:00:00,0.035,11000
2024-01-17 00:00:00,0.04,1000
2024-01-18 00:00:00,0.03,103000
2024-01-19 00:00:00,0.035,82000
2024-01-22 00:00:00,0.035,12000
2024-01-23 00:00:00,0.04,1000
2024-01-24 00:00:00,0.035,28000
2024-01-25 00:00:00,0.035,1000
2024-01-26 00:00:00,0.03,9000
2024-01-29 00:00:00,0.03,6000
2024-01-30 00:00:00,0.03,
2024-01-31 00:00:00,0.03,27000
2024-02-01 00:00:00,0.03,3147
2024-02-02 00:00:00,0.03,8000
2024-02-05 00:00:00,0.03,9000
2024-02-06 00:00:00,0.03,7000
2024-02-07 00:00:00,0.03,
2024-02-08 00:00:00,0.03,43300
2024-02-09 00:00:00,0.025,32001
2024-02-12 00:00:00,0.025,5000
2024-02-13 00:00:00,0.025,143000
2024-02-14 00:00:00,0.025,
2024-02-15 00:00:00,0.02,68582
2024-02-16 00:00:00,0.025,41000
2024-02-20 00:00:00,0.025,5000
2024-02-21 00:00:00,0.025,14000
2024-02-22 00:00:00,0.025,
2024-02-23 00:00:00,0.025,5220
2024-02-26 00:00:00,0.02,2100
2024-02-27 00:00:00,0.025,10100
2024-02-28 00:00:00,0.025,23000
2024-02-29 00:00:00,0.025,20000
2024-03-01 00:00:00,0.04,319000
2024-03-04 00:00:00,0.07,2797189
2024-03-05 00:00:00,0.05,957413
2024-03-06 00:00:00,0.055,206834
2024-03-07 00:00:00,0.05,152150
2024-03-08 00:00:00,0.05,73101
2024-03-11 00:00:00,0.05,64100.00000000001
2024-03-12 00:00:00,0.04,274500
2024-03-13 00:00:00,0.04,102112
2024-03-14 00:00:00,0.035,71052
2024-03-15 00:00:00,0.035,2000
2024-03-18 00:00:00,0.03,62500
2024-03-19 00:00:00,0.035,34000
2024-03-20 00:00:00,0.035,
2024-03-21 00:00:00,0.035,97000
2024-03-22 00:00:00,0.045,364193
2024-03-25 00:00:00,0.045,153116
2024-03-26 00:00:00,0.035,106460
2024-03-27 00:00:00,0.045,115000
2024-03-28 00:00:00,0.04,60000
2024-04-01 00:00:00,0.05,2290
2024-04-02 00:00:00,0.05,93410
2024-04-03 00:00:00,0.05,4000
2024-04-04 00:00:00,0.055,62000
2024-04-05 00:00:00,0.05,56450
2024-04-08 00:00:00,0.055,34240
2024-04-09 00:00:00,0.05,245500
2024-04-10 00:00:00,0.05,4000
2024-04-11 00:00:00,0.055,1000
2024-04-12 00:00:00,0.05,7000
2024-04-15 00:00:00,0.055,1000
2024-04-16 00:00:00,0.045,55000
2024-04-17 00:00:00,0.05,110000
2024-04-18 00:00:00,0.045,62000
2024-04-19 00:00:00,0.05,1000
2024-04-22 00:00:00,0.05,
2024-04-23 00:00:00,0.045,61000
2024-04-24 00:00:00,0.045,4000
2024-04-25 00:00:00,0.05,1000
2024-04-26 00:00:00,0.045,96000
2024-04-29 00:00:00,0.04,91500
2024-04-30 00:00:00,0.04,79000
2024-05-01 00:00:00,0.04,2000
2024-05-02 00:00:00,0.04,1000
2024-05-03 00:00:00,0.04,
2024-05-06 00:00:00,0.04,40000
2024-05-07 00:00:00,0.045,1000
2024-05-08 00:00:00,0.04,13955
2024-05-09 00:00:00,0.035,84000
2024-05-10 00:00:00,0.035,116000
2024-05-13 00:00:00,0.035,
2024-05-14 00:00:00,0.03,83000
2024-05-15 00:00:00,0.035,1000
2024-05-16 00:00:00,0.035,
2024-05-17 00:00:00,0.035,
2024-05-21 00:00:00,0.035,5700
2024-05-22 00:00:00,0.03,10921
2024-05-23 00:00:00,0.035,192489
2024-05-24 00:00:00,0.035,22000
2024-05-27 00:00:00,0.03,42000
2024-05-28 00:00:00,0.03,40000
2024-05-29 00:00:00,0.03,4000
2024-05-30 00:00:00,0.03,84750
2024-05-31 00:00:00,0.03,
2024-06-03 00:00:00,0.03,1000
2024-06-04 00:00:00,0.03,31000
2024-06-05 00:00:00,0.03,3000
2024-06-06 00:00:00,0.03,
2024-06-07 00:00:00,0.03,2500
2024-06-10 00:00:00,0.035,12500
2024-06-11 00:00:00,0.025,57950
2024-06-12 00:00:00,0.03,1904
2024-06-13 00:00:00,0.03,8700
2024-06-14 00:00:00,0.03,
2024-06-17 00:00:00,0.03,
2024-06-18 00:00:00,0.025,8000
2024-06-19 00:00:00,0.025,4000
2024-06-20 00:00:00,0.025,4000
2024-06-21 00:00:00,0.025,116000
2024-06-24 00:00:00,0.025,
2024-06-25 00:00:00,0.025,16000
2024-06-26 00:00:00,0.025,5000
2024-06-27 00:00:00,0.025,19000
2024-06-28 00:00:00,0.025,15000
2024-07-02 00:00:00,0.025,43407
2024-07-03 00:00:00,0.03,273000
2024-07-04 00:00:00,0.03,11000
2024-07-05 00:00:00,0.025,465333
2024-07-08 00:00:00,0.025,239521
2024-07-09 00:00:00,0.025,
2024-07-10 00:00:00,0.03,1000
2024-07-11 00:00:00,0.03,280000
2024-07-12 00:00:00,0.035,1000
2024-07-15 00:00:00,0.03,25000
2024-07-16 00:00:00,0.035,1000
2024-07-17 00:00:00,0.035,299250
2024-07-18 00:00:00,0.035,56100
2024-07-19 00:00:00,0.04,1000
2024-07-22 00:00:00,0.04,20000
2024-07-23 00:00:00,0.04,1000
2024-07-24 00:00:00,0.035,6000
2024-07-25 00:00:00,0.03,3280
2024-07-26 00:00:00,0.04,1639
2024-07-29 00:00:00,0.04,30000
2024-07-30 00:00:00,0.03,17000
2024-07-31 00:00:00,0.035,16000
2024-08-01 00:00:00,0.035,22200
2024-08-02 00:00:00,0.03,76000
2024-08-06 00:00:00,0.03,93000
2024-08-07 00:00:00,0.03,
2024-08-08 00:00:00,0.03,
2024-08-09 00:00:00,0.03,
2024-08-12 00:00:00,0.03,
2024-08-13 00:00:00,0.03,150000
2024-08-14 00:00:00,0.03,8525
2024-08-15 00:00:00,0.03,
2024-08-16 00:00:00,0.03,
2024-08-19 00:00:00,0.03,
2024-08-20 00:00:00,0.03,
2024-08-21 00:00:00,0.03,19000
2024-08-22 00:00:00,0.03,18000
2024-08-23 00:00:00,0.03,
2024-08-26 00:00:00,0.03,
2024-08-27 00:00:00,0.035,20000
2024-08-28 00:00:00,0.03,56000
2024-08-29 00:00:00,0.025,107000
2024-08-30 00:00:00,0.025,101000
2024-09-03 00:00:00,0.02,16000
2024-09-04 00:00:00,0.025,40000
2024-09-05 00:00:00,0.025,60000
2024-09-06 00:00:00,0.025,86840
2024-09-09 00:00:00,0.03,24000
2024-09-10 00:00:00,0.025,70000
2024-09-11 00:00:00,0.025,10000
2024-09-12 00:00:00,0.025,10000
2024-09-13 00:00:00,0.025,25100
2024-09-16 00:00:00,0.025,22100
2024-09-17 00:00:00,0.025,
2024-09-18 00:00:00,0.025,
2024-09-19 00:00:00,0.025,
2024-09-20 00:00:00,0.02,232850
2024-09-23 00:00:00,0.02,12000
2024-09-24 00:00:00,0.02,
2024-09-25 00:00:00,0.025,51000
2024-09-26 00:00:00,0.025,5000
2024-09-27 00:00:00,0.025,33422
2024-09-30 00:00:00,0.025,18100
2024-10-01 00:00:00,0.025,55000
